[
    {
        "pk": 23,
        "model": "contenttypes.contenttype",
        "fields": {
            "model": "globalpagepermission",
            "name": "Page global permission",
            "app_label": "cms"
        }
    },
    {
        "pk": 22,
        "model": "contenttypes.contenttype",
        "fields": {
            "model": "pagemoderatorstate",
            "name": "Page moderator state",
            "app_label": "cms"
        }
    },
    {
        "pk": 24,
        "model": "contenttypes.contenttype",
        "fields": {
            "model": "pagepermission",
            "name": "Page permission",
            "app_label": "cms"
        }
    },
    {
        "pk": 21,
        "model": "contenttypes.contenttype",
        "fields": {
            "model": "pagemoderator",
            "name": "PageModerator",
            "app_label": "cms"
        }
    },
    {
        "pk": 37,
        "model": "contenttypes.contenttype",
        "fields": {
            "model": "snippet",
            "name": "Snippet",
            "app_label": "snippet"
        }
    },
    {
        "pk": 38,
        "model": "contenttypes.contenttype",
        "fields": {
            "model": "snippetptr",
            "name": "Snippet",
            "app_label": "snippet"
        }
    },
    {
        "pk": 25,
        "model": "contenttypes.contenttype",
        "fields": {
            "model": "pageuser",
            "name": "User (page)",
            "app_label": "cms"
        }
    },
    {
        "pk": 26,
        "model": "contenttypes.contenttype",
        "fields": {
            "model": "pageusergroup",
            "name": "User group (page)",
            "app_label": "cms"
        }
    },
    {
        "pk": 8,
        "model": "contenttypes.contenttype",
        "fields": {
            "model": "apiaccess",
            "name": "api access",
            "app_label": "tastypie"
        }
    },
    {
        "pk": 9,
        "model": "contenttypes.contenttype",
        "fields": {
            "model": "apikey",
            "name": "api key",
            "app_label": "tastypie"
        }
    },
    {
        "pk": 28,
        "model": "contenttypes.contenttype",
        "fields": {
            "model": "cachekey",
            "name": "cache key",
            "app_label": "menus"
        }
    },
    {
        "pk": 19,
        "model": "contenttypes.contenttype",
        "fields": {
            "model": "cmsplugin",
            "name": "cms plugin",
            "app_label": "cms"
        }
    },
    {
        "pk": 4,
        "model": "contenttypes.contenttype",
        "fields": {
            "model": "contenttype",
            "name": "content type",
            "app_label": "contenttypes"
        }
    },
    {
        "pk": 13,
        "model": "contenttypes.contenttype",
        "fields": {
            "model": "disciplinerecord",
            "name": "discipline record",
            "app_label": "ricotta"
        }
    },
    {
        "pk": 32,
        "model": "contenttypes.contenttype",
        "fields": {
            "model": "file",
            "name": "file",
            "app_label": "file"
        }
    },
    {
        "pk": 33,
        "model": "contenttypes.contenttype",
        "fields": {
            "model": "flash",
            "name": "flash",
            "app_label": "flash"
        }
    },
    {
        "pk": 34,
        "model": "contenttypes.contenttype",
        "fields": {
            "model": "googlemap",
            "name": "google map",
            "app_label": "googlemap"
        }
    },
    {
        "pk": 2,
        "model": "contenttypes.contenttype",
        "fields": {
            "model": "group",
            "name": "group",
            "app_label": "auth"
        }
    },
    {
        "pk": 35,
        "model": "contenttypes.contenttype",
        "fields": {
            "model": "link",
            "name": "link",
            "app_label": "link"
        }
    },
    {
        "pk": 10,
        "model": "contenttypes.contenttype",
        "fields": {
            "model": "listserv",
            "name": "listserv",
            "app_label": "ricotta"
        }
    },
    {
        "pk": 11,
        "model": "contenttypes.contenttype",
        "fields": {
            "model": "location",
            "name": "location",
            "app_label": "ricotta"
        }
    },
    {
        "pk": 7,
        "model": "contenttypes.contenttype",
        "fields": {
            "model": "logentry",
            "name": "log entry",
            "app_label": "admin"
        }
    },
    {
        "pk": 29,
        "model": "contenttypes.contenttype",
        "fields": {
            "model": "migrationhistory",
            "name": "migration history",
            "app_label": "south"
        }
    },
    {
        "pk": 20,
        "model": "contenttypes.contenttype",
        "fields": {
            "model": "page",
            "name": "page",
            "app_label": "cms"
        }
    },
    {
        "pk": 1,
        "model": "contenttypes.contenttype",
        "fields": {
            "model": "permission",
            "name": "permission",
            "app_label": "auth"
        }
    },
    {
        "pk": 36,
        "model": "contenttypes.contenttype",
        "fields": {
            "model": "picture",
            "name": "picture",
            "app_label": "picture"
        }
    },
    {
        "pk": 18,
        "model": "contenttypes.contenttype",
        "fields": {
            "model": "placeholder",
            "name": "placeholder",
            "app_label": "cms"
        }
    },
    {
        "pk": 15,
        "model": "contenttypes.contenttype",
        "fields": {
            "model": "plannerblock",
            "name": "planner block",
            "app_label": "ricotta"
        }
    },
    {
        "pk": 30,
        "model": "contenttypes.contenttype",
        "fields": {
            "model": "revision",
            "name": "revision",
            "app_label": "reversion"
        }
    },
    {
        "pk": 5,
        "model": "contenttypes.contenttype",
        "fields": {
            "model": "session",
            "name": "session",
            "app_label": "sessions"
        }
    },
    {
        "pk": 14,
        "model": "contenttypes.contenttype",
        "fields": {
            "model": "shift",
            "name": "shift",
            "app_label": "ricotta"
        }
    },
    {
        "pk": 6,
        "model": "contenttypes.contenttype",
        "fields": {
            "model": "site",
            "name": "site",
            "app_label": "sites"
        }
    },
    {
        "pk": 39,
        "model": "contenttypes.contenttype",
        "fields": {
            "model": "teaser",
            "name": "teaser",
            "app_label": "teaser"
        }
    },
    {
        "pk": 40,
        "model": "contenttypes.contenttype",
        "fields": {
            "model": "text",
            "name": "text",
            "app_label": "text"
        }
    },
    {
        "pk": 17,
        "model": "contenttypes.contenttype",
        "fields": {
            "model": "timeclockaction",
            "name": "timeclock action",
            "app_label": "ricotta"
        }
    },
    {
        "pk": 16,
        "model": "contenttypes.contenttype",
        "fields": {
            "model": "timeclockrecord",
            "name": "timeclock record",
            "app_label": "ricotta"
        }
    },
    {
        "pk": 27,
        "model": "contenttypes.contenttype",
        "fields": {
            "model": "title",
            "name": "title",
            "app_label": "cms"
        }
    },
    {
        "pk": 42,
        "model": "contenttypes.contenttype",
        "fields": {
            "model": "twitterrecententries",
            "name": "twitter recent entries",
            "app_label": "twitter"
        }
    },
    {
        "pk": 43,
        "model": "contenttypes.contenttype",
        "fields": {
            "model": "twittersearch",
            "name": "twitter search",
            "app_label": "twitter"
        }
    },
    {
        "pk": 3,
        "model": "contenttypes.contenttype",
        "fields": {
            "model": "user",
            "name": "user",
            "app_label": "auth"
        }
    },
    {
        "pk": 12,
        "model": "contenttypes.contenttype",
        "fields": {
            "model": "userprofile",
            "name": "user profile",
            "app_label": "ricotta"
        }
    },
    {
        "pk": 31,
        "model": "contenttypes.contenttype",
        "fields": {
            "model": "version",
            "name": "version",
            "app_label": "reversion"
        }
    },
    {
        "pk": 41,
        "model": "contenttypes.contenttype",
        "fields": {
            "model": "video",
            "name": "video",
            "app_label": "video"
        }
    },
    {
        "pk": "494daf0fe185612c7435bb6473d500a6",
        "model": "sessions.session",
        "fields": {
            "expire_date": "2012-08-22T00:47:46.228Z",
            "session_data": "OTE4MDc4ZTU0ZTJhMGU0MDU3OWY5YzJjNTc0ZTNlZjU2YTQ0ZWVmNTqAAn1xAShVDmNtc19hZG1p\nbl9zaXRlSwFVDV9hdXRoX3VzZXJfaWRLAVUSX2F1dGhfdXNlcl9iYWNrZW5kVSlkamFuZ28uY29u\ndHJpYi5hdXRoLmJhY2tlbmRzLk1vZGVsQmFja2VuZHUu\n"
        }
    },
    {
        "pk": 1,
        "model": "sites.site",
        "fields": {
            "domain": "example.com",
            "name": "example.com"
        }
    },
    {
        "pk": "IC-Main",
        "model": "ricotta.location",
        "fields": {
            "phone_number": "847-491-7658",
            "enable_schedule": true,
            "ip_address": "129.105.29.34",
            "address": "1970 Campus Drive"
        }
    },
    {
        "pk": "IC-Media",
        "model": "ricotta.location",
        "fields": {
            "phone_number": "847-467-4565",
            "enable_schedule": true,
            "ip_address": "129.105.104.239",
            "address": "1970 Campus Drive"
        }
    },
    {
        "pk": "PC-MAC",
        "model": "ricotta.location",
        "fields": {
            "phone_number": "847-467-4565",
            "enable_schedule": true,
            "ip_address": "129.105.35.40",
            "address": "1970 Campus Drive"
        }
    },
    {
        "pk": "SCV Library",
        "model": "ricotta.location",
        "fields": {
            "phone_number": "847-467-7666",
            "enable_schedule": true,
            "ip_address": "129.105.110.111",
            "address": "1970 Campus Drive"
        }
    },
    {
        "pk": "SCV Tech",
        "model": "ricotta.location",
        "fields": {
            "phone_number": "847-467-7666",
            "enable_schedule": true,
            "ip_address": "129.105.91.82",
            "address": "2145 Sheridan Road"
        }
    },
    {
        "pk": "Tech",
        "model": "ricotta.location",
        "fields": {
            "phone_number": "847-467-2356",
            "enable_schedule": true,
            "ip_address": "129.105.10.56",
            "address": "2145 Sheridan Road"
        }
    },
    {
        "pk": 1,
        "model": "cms.placeholder",
        "fields": {
            "slot": "template_1_content",
            "default_width": null
        }
    },
    {
        "pk": 2,
        "model": "cms.placeholder",
        "fields": {
            "slot": "sidebar_content",
            "default_width": null
        }
    },
    {
        "pk": 3,
        "model": "cms.placeholder",
        "fields": {
            "slot": "base_content",
            "default_width": null
        }
    },
    {
        "pk": 4,
        "model": "cms.placeholder",
        "fields": {
            "slot": "base_footer",
            "default_width": null
        }
    },
    {
        "pk": 5,
        "model": "cms.placeholder",
        "fields": {
            "slot": "template_1_content",
            "default_width": null
        }
    },
    {
        "pk": 6,
        "model": "cms.placeholder",
        "fields": {
            "slot": "sidebar_content",
            "default_width": null
        }
    },
    {
        "pk": 7,
        "model": "cms.placeholder",
        "fields": {
            "slot": "base_content",
            "default_width": null
        }
    },
    {
        "pk": 8,
        "model": "cms.placeholder",
        "fields": {
            "slot": "base_footer",
            "default_width": null
        }
    },
    {
        "pk": 1,
        "model": "cms.cmsplugin",
        "fields": {
            "rght": 2,
            "parent": null,
            "language": "en",
            "level": 0,
            "creation_date": "2012-08-08T00:47:33.052Z",
            "lft": 1,
            "tree_id": 1,
            "position": 0,
            "placeholder": 1,
            "plugin_type": "TextPlugin"
        }
    },
    {
        "pk": 1,
        "model": "cms.page",
        "fields": {
            "rght": 2,
            "navigation_extenders": "",
            "site": 1,
            "creation_date": "2012-08-08T00:46:55.856Z",
            "lft": 1,
            "in_navigation": true,
            "reverse_id": null,
            "login_required": false,
            "created_by": "jms511",
            "publication_end_date": null,
            "moderator_state": 0,
            "template": "template_1.html",
            "tree_id": 1,
            "placeholders": [
                1,
                2,
                3,
                4
            ],
            "changed_date": "2012-08-08T00:47:45.648Z",
            "limit_visibility_in_menu": null,
            "parent": null,
            "publisher_state": 1,
            "soft_root": false,
            "publication_date": "2012-08-08T00:47:21.822Z",
            "publisher_public": null,
            "level": 0,
            "changed_by": "jms511",
            "publisher_is_draft": true,
            "published": true
        }
    },
    {
        "pk": 2,
        "model": "cms.page",
        "fields": {
            "rght": 2,
            "navigation_extenders": "",
            "site": 1,
            "creation_date": "2012-08-08T00:47:04.552Z",
            "lft": 1,
            "in_navigation": true,
            "reverse_id": null,
            "login_required": false,
            "created_by": "jms511",
            "publication_end_date": null,
            "moderator_state": 0,
            "template": "template_1.html",
            "tree_id": 2,
            "placeholders": [
                5,
                6,
                7,
                8
            ],
            "changed_date": "2012-08-08T00:47:20.890Z",
            "limit_visibility_in_menu": null,
            "parent": null,
            "publisher_state": 1,
            "soft_root": false,
            "publication_date": "2012-08-08T00:47:20.886Z",
            "publisher_public": null,
            "level": 0,
            "changed_by": "jms511",
            "publisher_is_draft": true,
            "published": true
        }
    },
    {
        "pk": 1,
        "model": "cms.title",
        "fields": {
            "menu_title": "",
            "redirect": "",
            "meta_keywords": "",
            "page_title": "",
            "language": "en",
            "title": "First Page",
            "has_url_overwrite": false,
            "application_urls": "",
            "creation_date": "2012-08-08T00:46:55.896Z",
            "page": 1,
            "path": "",
            "meta_description": "",
            "slug": "first-page"
        }
    },
    {
        "pk": 2,
        "model": "cms.title",
        "fields": {
            "menu_title": "",
            "redirect": "",
            "meta_keywords": "",
            "page_title": "",
            "language": "en",
            "title": "Ricotta Apps",
            "has_url_overwrite": false,
            "application_urls": "RicottaApp",
            "creation_date": "2012-08-08T00:47:04.592Z",
            "page": 2,
            "path": "ricotta-apps",
            "meta_description": "",
            "slug": "ricotta-apps"
        }
    },
    {
        "pk": 1,
        "model": "south.migrationhistory",
        "fields": {
            "applied": "2012-08-08T00:42:49.881Z",
            "app_name": "tastypie",
            "migration": "0001_initial"
        }
    },
    {
        "pk": 2,
        "model": "south.migrationhistory",
        "fields": {
            "applied": "2012-08-08T00:42:50.510Z",
            "app_name": "cms",
            "migration": "0001_initial"
        }
    },
    {
        "pk": 3,
        "model": "south.migrationhistory",
        "fields": {
            "applied": "2012-08-08T00:42:50.530Z",
            "app_name": "cms",
            "migration": "0002_auto_start"
        }
    },
    {
        "pk": 4,
        "model": "south.migrationhistory",
        "fields": {
            "applied": "2012-08-08T00:42:50.550Z",
            "app_name": "cms",
            "migration": "0003_remove_placeholder"
        }
    },
    {
        "pk": 5,
        "model": "south.migrationhistory",
        "fields": {
            "applied": "2012-08-08T00:42:50.566Z",
            "app_name": "cms",
            "migration": "0004_textobjects"
        }
    },
    {
        "pk": 6,
        "model": "south.migrationhistory",
        "fields": {
            "applied": "2012-08-08T00:42:50.614Z",
            "app_name": "cms",
            "migration": "0005_mptt_added_to_plugins"
        }
    },
    {
        "pk": 7,
        "model": "south.migrationhistory",
        "fields": {
            "applied": "2012-08-08T00:42:50.630Z",
            "app_name": "text",
            "migration": "0001_initial"
        }
    },
    {
        "pk": 8,
        "model": "south.migrationhistory",
        "fields": {
            "applied": "2012-08-08T00:42:50.650Z",
            "app_name": "text",
            "migration": "0002_freeze"
        }
    },
    {
        "pk": 9,
        "model": "south.migrationhistory",
        "fields": {
            "applied": "2012-08-08T00:42:50.670Z",
            "app_name": "cms",
            "migration": "0006_apphook"
        }
    },
    {
        "pk": 10,
        "model": "south.migrationhistory",
        "fields": {
            "applied": "2012-08-08T00:42:50.690Z",
            "app_name": "cms",
            "migration": "0007_apphook_longer"
        }
    },
    {
        "pk": 11,
        "model": "south.migrationhistory",
        "fields": {
            "applied": "2012-08-08T00:42:50.706Z",
            "app_name": "cms",
            "migration": "0008_redirects"
        }
    },
    {
        "pk": 12,
        "model": "south.migrationhistory",
        "fields": {
            "applied": "2012-08-08T00:42:50.726Z",
            "app_name": "cms",
            "migration": "0009_added_meta_fields"
        }
    },
    {
        "pk": 13,
        "model": "south.migrationhistory",
        "fields": {
            "applied": "2012-08-08T00:42:50.758Z",
            "app_name": "cms",
            "migration": "0010_5char_language"
        }
    },
    {
        "pk": 14,
        "model": "south.migrationhistory",
        "fields": {
            "applied": "2012-08-08T00:42:50.782Z",
            "app_name": "cms",
            "migration": "0011_title_overwrites"
        }
    },
    {
        "pk": 15,
        "model": "south.migrationhistory",
        "fields": {
            "applied": "2012-08-08T00:42:50.802Z",
            "app_name": "cms",
            "migration": "0012_publisher"
        }
    },
    {
        "pk": 16,
        "model": "south.migrationhistory",
        "fields": {
            "applied": "2012-08-08T00:42:50.822Z",
            "app_name": "text",
            "migration": "0003_publisher"
        }
    },
    {
        "pk": 17,
        "model": "south.migrationhistory",
        "fields": {
            "applied": "2012-08-08T00:42:50.842Z",
            "app_name": "snippet",
            "migration": "0001_initial"
        }
    },
    {
        "pk": 18,
        "model": "south.migrationhistory",
        "fields": {
            "applied": "2012-08-08T00:42:50.934Z",
            "app_name": "snippet",
            "migration": "0002_publisher"
        }
    },
    {
        "pk": 19,
        "model": "south.migrationhistory",
        "fields": {
            "applied": "2012-08-08T00:42:50.958Z",
            "app_name": "picture",
            "migration": "0001_initial"
        }
    },
    {
        "pk": 20,
        "model": "south.migrationhistory",
        "fields": {
            "applied": "2012-08-08T00:42:50.986Z",
            "app_name": "picture",
            "migration": "0002_link_rename"
        }
    },
    {
        "pk": 21,
        "model": "south.migrationhistory",
        "fields": {
            "applied": "2012-08-08T00:42:51.006Z",
            "app_name": "picture",
            "migration": "0003_freeze"
        }
    },
    {
        "pk": 22,
        "model": "south.migrationhistory",
        "fields": {
            "applied": "2012-08-08T00:42:51.026Z",
            "app_name": "picture",
            "migration": "0004_publisher"
        }
    },
    {
        "pk": 23,
        "model": "south.migrationhistory",
        "fields": {
            "applied": "2012-08-08T00:42:51.050Z",
            "app_name": "link",
            "migration": "0001_initial"
        }
    },
    {
        "pk": 24,
        "model": "south.migrationhistory",
        "fields": {
            "applied": "2012-08-08T00:42:51.066Z",
            "app_name": "link",
            "migration": "0002_link_rename"
        }
    },
    {
        "pk": 25,
        "model": "south.migrationhistory",
        "fields": {
            "applied": "2012-08-08T00:42:51.106Z",
            "app_name": "link",
            "migration": "0003_page_link"
        }
    },
    {
        "pk": 26,
        "model": "south.migrationhistory",
        "fields": {
            "applied": "2012-08-08T00:42:51.122Z",
            "app_name": "link",
            "migration": "0004_larger_link_names"
        }
    },
    {
        "pk": 27,
        "model": "south.migrationhistory",
        "fields": {
            "applied": "2012-08-08T00:42:51.142Z",
            "app_name": "link",
            "migration": "0005_publisher"
        }
    },
    {
        "pk": 28,
        "model": "south.migrationhistory",
        "fields": {
            "applied": "2012-08-08T00:42:51.182Z",
            "app_name": "googlemap",
            "migration": "0001_initial"
        }
    },
    {
        "pk": 29,
        "model": "south.migrationhistory",
        "fields": {
            "applied": "2012-08-08T00:42:51.202Z",
            "app_name": "flash",
            "migration": "0001_initial"
        }
    },
    {
        "pk": 30,
        "model": "south.migrationhistory",
        "fields": {
            "applied": "2012-08-08T00:42:51.218Z",
            "app_name": "flash",
            "migration": "0002_freeze"
        }
    },
    {
        "pk": 31,
        "model": "south.migrationhistory",
        "fields": {
            "applied": "2012-08-08T00:42:51.242Z",
            "app_name": "flash",
            "migration": "0003_publisher"
        }
    },
    {
        "pk": 32,
        "model": "south.migrationhistory",
        "fields": {
            "applied": "2012-08-08T00:42:51.266Z",
            "app_name": "file",
            "migration": "0001_initial"
        }
    },
    {
        "pk": 33,
        "model": "south.migrationhistory",
        "fields": {
            "applied": "2012-08-08T00:42:51.282Z",
            "app_name": "file",
            "migration": "0002_freeze"
        }
    },
    {
        "pk": 34,
        "model": "south.migrationhistory",
        "fields": {
            "applied": "2012-08-08T00:42:51.302Z",
            "app_name": "file",
            "migration": "0003_publisher"
        }
    },
    {
        "pk": 35,
        "model": "south.migrationhistory",
        "fields": {
            "applied": "2012-08-08T00:42:51.322Z",
            "app_name": "cms",
            "migration": "0013_site_copy"
        }
    },
    {
        "pk": 36,
        "model": "south.migrationhistory",
        "fields": {
            "applied": "2012-08-08T00:42:51.338Z",
            "app_name": "cms",
            "migration": "0014_sites_removed"
        }
    },
    {
        "pk": 37,
        "model": "south.migrationhistory",
        "fields": {
            "applied": "2012-08-08T00:42:51.358Z",
            "app_name": "cms",
            "migration": "0015_modified_by_added"
        }
    },
    {
        "pk": 38,
        "model": "south.migrationhistory",
        "fields": {
            "applied": "2012-08-08T00:42:51.398Z",
            "app_name": "cms",
            "migration": "0016_author_copy"
        }
    },
    {
        "pk": 39,
        "model": "south.migrationhistory",
        "fields": {
            "applied": "2012-08-08T00:42:51.434Z",
            "app_name": "cms",
            "migration": "0017_author_removed"
        }
    },
    {
        "pk": 40,
        "model": "south.migrationhistory",
        "fields": {
            "applied": "2012-08-08T00:42:51.454Z",
            "app_name": "cms",
            "migration": "0018_site_permissions"
        }
    },
    {
        "pk": 41,
        "model": "south.migrationhistory",
        "fields": {
            "applied": "2012-08-08T00:42:51.474Z",
            "app_name": "cms",
            "migration": "0019_public_table_renames"
        }
    },
    {
        "pk": 42,
        "model": "south.migrationhistory",
        "fields": {
            "applied": "2012-08-08T00:42:51.494Z",
            "app_name": "text",
            "migration": "0004_table_rename"
        }
    },
    {
        "pk": 43,
        "model": "south.migrationhistory",
        "fields": {
            "applied": "2012-08-08T00:42:51.510Z",
            "app_name": "text",
            "migration": "0005_publisher2"
        }
    },
    {
        "pk": 44,
        "model": "south.migrationhistory",
        "fields": {
            "applied": "2012-08-08T00:42:51.574Z",
            "app_name": "teaser",
            "migration": "0001_initial"
        }
    },
    {
        "pk": 45,
        "model": "south.migrationhistory",
        "fields": {
            "applied": "2012-08-08T00:42:51.590Z",
            "app_name": "teaser",
            "migration": "0002_publisher2"
        }
    },
    {
        "pk": 46,
        "model": "south.migrationhistory",
        "fields": {
            "applied": "2012-08-08T00:42:51.606Z",
            "app_name": "snippet",
            "migration": "0003_table_rename"
        }
    },
    {
        "pk": 47,
        "model": "south.migrationhistory",
        "fields": {
            "applied": "2012-08-08T00:42:51.626Z",
            "app_name": "snippet",
            "migration": "0004_publisher2"
        }
    },
    {
        "pk": 48,
        "model": "south.migrationhistory",
        "fields": {
            "applied": "2012-08-08T00:42:51.654Z",
            "app_name": "picture",
            "migration": "0005_table_rename"
        }
    },
    {
        "pk": 49,
        "model": "south.migrationhistory",
        "fields": {
            "applied": "2012-08-08T00:42:51.674Z",
            "app_name": "picture",
            "migration": "0006_float_added"
        }
    },
    {
        "pk": 50,
        "model": "south.migrationhistory",
        "fields": {
            "applied": "2012-08-08T00:42:51.690Z",
            "app_name": "picture",
            "migration": "0007_publisher2"
        }
    },
    {
        "pk": 51,
        "model": "south.migrationhistory",
        "fields": {
            "applied": "2012-08-08T00:42:51.702Z",
            "app_name": "link",
            "migration": "0006_table_rename"
        }
    },
    {
        "pk": 52,
        "model": "south.migrationhistory",
        "fields": {
            "applied": "2012-08-08T00:42:51.722Z",
            "app_name": "link",
            "migration": "0007_publisher2"
        }
    },
    {
        "pk": 53,
        "model": "south.migrationhistory",
        "fields": {
            "applied": "2012-08-08T00:42:51.742Z",
            "app_name": "googlemap",
            "migration": "0002_table_rename"
        }
    },
    {
        "pk": 54,
        "model": "south.migrationhistory",
        "fields": {
            "applied": "2012-08-08T00:42:51.766Z",
            "app_name": "googlemap",
            "migration": "0003_address_unified"
        }
    },
    {
        "pk": 55,
        "model": "south.migrationhistory",
        "fields": {
            "applied": "2012-08-08T00:42:51.794Z",
            "app_name": "googlemap",
            "migration": "0004_copy_address"
        }
    },
    {
        "pk": 56,
        "model": "south.migrationhistory",
        "fields": {
            "applied": "2012-08-08T00:42:51.818Z",
            "app_name": "googlemap",
            "migration": "0005_delete_street"
        }
    },
    {
        "pk": 57,
        "model": "south.migrationhistory",
        "fields": {
            "applied": "2012-08-08T00:42:51.838Z",
            "app_name": "googlemap",
            "migration": "0006_publisher2"
        }
    },
    {
        "pk": 58,
        "model": "south.migrationhistory",
        "fields": {
            "applied": "2012-08-08T00:42:51.854Z",
            "app_name": "flash",
            "migration": "0004_table_rename"
        }
    },
    {
        "pk": 59,
        "model": "south.migrationhistory",
        "fields": {
            "applied": "2012-08-08T00:42:51.890Z",
            "app_name": "flash",
            "migration": "0005_publisher2"
        }
    },
    {
        "pk": 60,
        "model": "south.migrationhistory",
        "fields": {
            "applied": "2012-08-08T00:42:51.918Z",
            "app_name": "file",
            "migration": "0004_table_rename"
        }
    },
    {
        "pk": 61,
        "model": "south.migrationhistory",
        "fields": {
            "applied": "2012-08-08T00:42:51.942Z",
            "app_name": "file",
            "migration": "0005_publisher2"
        }
    },
    {
        "pk": 62,
        "model": "south.migrationhistory",
        "fields": {
            "applied": "2012-08-08T00:42:51.962Z",
            "app_name": "cms",
            "migration": "0020_advanced_permissions"
        }
    },
    {
        "pk": 63,
        "model": "south.migrationhistory",
        "fields": {
            "applied": "2012-08-08T00:42:51.982Z",
            "app_name": "cms",
            "migration": "0021_publisher2"
        }
    },
    {
        "pk": 64,
        "model": "south.migrationhistory",
        "fields": {
            "applied": "2012-08-08T00:42:51.998Z",
            "app_name": "cms",
            "migration": "0022_login_required_added"
        }
    },
    {
        "pk": 65,
        "model": "south.migrationhistory",
        "fields": {
            "applied": "2012-08-08T00:42:52.014Z",
            "app_name": "cms",
            "migration": "0023_plugin_table_naming_function_changed"
        }
    },
    {
        "pk": 66,
        "model": "south.migrationhistory",
        "fields": {
            "applied": "2012-08-08T00:42:52.030Z",
            "app_name": "cms",
            "migration": "0024_added_placeholder_model"
        }
    },
    {
        "pk": 67,
        "model": "south.migrationhistory",
        "fields": {
            "applied": "2012-08-08T00:42:52.046Z",
            "app_name": "cms",
            "migration": "0025_placeholder_migration"
        }
    },
    {
        "pk": 68,
        "model": "south.migrationhistory",
        "fields": {
            "applied": "2012-08-08T00:42:52.071Z",
            "app_name": "cms",
            "migration": "0026_finish_placeholder_migration"
        }
    },
    {
        "pk": 69,
        "model": "south.migrationhistory",
        "fields": {
            "applied": "2012-08-08T00:42:52.087Z",
            "app_name": "cms",
            "migration": "0027_added_width_to_placeholder"
        }
    },
    {
        "pk": 70,
        "model": "south.migrationhistory",
        "fields": {
            "applied": "2012-08-08T00:42:52.107Z",
            "app_name": "cms",
            "migration": "0028_limit_visibility_in_menu_step1of3"
        }
    },
    {
        "pk": 71,
        "model": "south.migrationhistory",
        "fields": {
            "applied": "2012-08-08T00:42:52.139Z",
            "app_name": "cms",
            "migration": "0029_limit_visibility_in_menu_step2of3_data"
        }
    },
    {
        "pk": 72,
        "model": "south.migrationhistory",
        "fields": {
            "applied": "2012-08-08T00:42:52.167Z",
            "app_name": "cms",
            "migration": "0030_limit_visibility_in_menu_step3of3"
        }
    },
    {
        "pk": 73,
        "model": "south.migrationhistory",
        "fields": {
            "applied": "2012-08-08T00:42:52.183Z",
            "app_name": "cms",
            "migration": "0031_improved_language_code_support"
        }
    },
    {
        "pk": 74,
        "model": "south.migrationhistory",
        "fields": {
            "applied": "2012-08-08T00:42:52.207Z",
            "app_name": "cms",
            "migration": "0032_auto__del_field_cmsplugin_publisher_public__del_field_cmsplugin_publis"
        }
    },
    {
        "pk": 75,
        "model": "south.migrationhistory",
        "fields": {
            "applied": "2012-08-08T00:42:52.235Z",
            "app_name": "cms",
            "migration": "0033_auto__del_field_title_publisher_is_draft__del_field_title_publisher_st"
        }
    },
    {
        "pk": 76,
        "model": "south.migrationhistory",
        "fields": {
            "applied": "2012-08-08T00:42:52.255Z",
            "app_name": "cms",
            "migration": "0034_auto__chg_field_title_language__chg_field_cmsplugin_language__add_fiel"
        }
    },
    {
        "pk": 77,
        "model": "south.migrationhistory",
        "fields": {
            "applied": "2012-08-08T00:42:52.271Z",
            "app_name": "cms",
            "migration": "0035_auto__add_field_globalpagepermission_can_view__add_field_pagepermissio"
        }
    },
    {
        "pk": 78,
        "model": "south.migrationhistory",
        "fields": {
            "applied": "2012-08-08T00:42:52.307Z",
            "app_name": "menus",
            "migration": "0001_initial"
        }
    },
    {
        "pk": 79,
        "model": "south.migrationhistory",
        "fields": {
            "applied": "2012-08-08T00:42:52.351Z",
            "app_name": "reversion",
            "migration": "0001_initial"
        }
    },
    {
        "pk": 80,
        "model": "south.migrationhistory",
        "fields": {
            "applied": "2012-08-08T00:42:52.371Z",
            "app_name": "reversion",
            "migration": "0002_auto__add_field_version_type"
        }
    },
    {
        "pk": 81,
        "model": "south.migrationhistory",
        "fields": {
            "applied": "2012-08-08T00:42:52.391Z",
            "app_name": "reversion",
            "migration": "0003_auto__add_field_version_object_id_int"
        }
    },
    {
        "pk": 82,
        "model": "south.migrationhistory",
        "fields": {
            "applied": "2012-08-08T00:42:52.407Z",
            "app_name": "reversion",
            "migration": "0004_populate_object_id_int"
        }
    },
    {
        "pk": 83,
        "model": "south.migrationhistory",
        "fields": {
            "applied": "2012-08-08T00:42:52.443Z",
            "app_name": "reversion",
            "migration": "0005_auto__add_field_revision_manager_slug"
        }
    },
    {
        "pk": 84,
        "model": "south.migrationhistory",
        "fields": {
            "applied": "2012-08-08T00:42:52.623Z",
            "app_name": "googlemap",
            "migration": "0007_latlng"
        }
    },
    {
        "pk": 85,
        "model": "south.migrationhistory",
        "fields": {
            "applied": "2012-08-08T00:42:52.647Z",
            "app_name": "googlemap",
            "migration": "0008_routeplaner"
        }
    },
    {
        "pk": 86,
        "model": "south.migrationhistory",
        "fields": {
            "applied": "2012-08-08T00:42:52.663Z",
            "app_name": "googlemap",
            "migration": "0009_routeplaner_title"
        }
    },
    {
        "pk": 87,
        "model": "south.migrationhistory",
        "fields": {
            "applied": "2012-08-08T00:42:52.719Z",
            "app_name": "link",
            "migration": "0008_mailto"
        }
    },
    {
        "pk": 88,
        "model": "south.migrationhistory",
        "fields": {
            "applied": "2012-08-08T00:42:52.787Z",
            "app_name": "picture",
            "migration": "0008_longdesc_added"
        }
    },
    {
        "pk": 89,
        "model": "south.migrationhistory",
        "fields": {
            "applied": "2012-08-08T00:42:52.871Z",
            "app_name": "snippet",
            "migration": "0005_template_added"
        }
    },
    {
        "pk": 90,
        "model": "south.migrationhistory",
        "fields": {
            "applied": "2012-08-08T00:42:52.999Z",
            "app_name": "text",
            "migration": "0006_2_1_4_upgrade"
        }
    },
    {
        "pk": 91,
        "model": "south.migrationhistory",
        "fields": {
            "applied": "2012-08-08T00:42:53.047Z",
            "app_name": "video",
            "migration": "0001_initial"
        }
    },
    {
        "pk": 92,
        "model": "south.migrationhistory",
        "fields": {
            "applied": "2012-08-08T00:42:53.063Z",
            "app_name": "video",
            "migration": "0002_color_mute_controller"
        }
    },
    {
        "pk": 93,
        "model": "south.migrationhistory",
        "fields": {
            "applied": "2012-08-08T00:42:53.091Z",
            "app_name": "video",
            "migration": "0003_newplayer_step1"
        }
    },
    {
        "pk": 94,
        "model": "south.migrationhistory",
        "fields": {
            "applied": "2012-08-08T00:42:53.111Z",
            "app_name": "video",
            "migration": "0004_newplayer_step2"
        }
    },
    {
        "pk": 95,
        "model": "south.migrationhistory",
        "fields": {
            "applied": "2012-08-08T00:42:53.131Z",
            "app_name": "video",
            "migration": "0005_newplayer_step3"
        }
    },
    {
        "pk": 96,
        "model": "south.migrationhistory",
        "fields": {
            "applied": "2012-08-08T00:42:53.155Z",
            "app_name": "video",
            "migration": "0006_newplayer_step4"
        }
    },
    {
        "pk": 97,
        "model": "south.migrationhistory",
        "fields": {
            "applied": "2012-08-08T00:42:53.179Z",
            "app_name": "video",
            "migration": "0007_newplayer_step5"
        }
    },
    {
        "pk": 98,
        "model": "south.migrationhistory",
        "fields": {
            "applied": "2012-08-08T00:42:53.215Z",
            "app_name": "twitter",
            "migration": "0001_initial"
        }
    },
    {
        "pk": 99,
        "model": "south.migrationhistory",
        "fields": {
            "applied": "2012-08-08T00:42:53.231Z",
            "app_name": "twitter",
            "migration": "0002_auto__add_twittersearch"
        }
    },
    {
        "pk": 1,
        "model": "reversion.version",
        "fields": {
            "format": "json",
            "object_repr": "First Page",
            "object_id": "1",
            "content_type": [
                "cms",
                "page"
            ],
            "object_id_int": 1,
            "type": 0,
            "serialized_data": "[{\"pk\": 1, \"model\": \"cms.page\", \"fields\": {\"rght\": 2, \"navigation_extenders\": \"\", \"site\": 1, \"creation_date\": \"2012-08-08T00:46:55.856Z\", \"lft\": 1, \"in_navigation\": false, \"reverse_id\": null, \"login_required\": false, \"created_by\": \"jms511\", \"publication_end_date\": null, \"moderator_state\": 0, \"template\": \"template_1.html\", \"tree_id\": 1, \"placeholders\": [1, 2, 3, 4], \"changed_date\": \"2012-08-08T00:46:55.856Z\", \"limit_visibility_in_menu\": null, \"parent\": null, \"soft_root\": false, \"publication_date\": null, \"level\": 0, \"changed_by\": \"jms511\", \"published\": false}}]",
            "revision": 1
        }
    },
    {
        "pk": 2,
        "model": "reversion.version",
        "fields": {
            "format": "json",
            "object_repr": "sidebar_content",
            "object_id": "2",
            "content_type": [
                "cms",
                "placeholder"
            ],
            "object_id_int": 2,
            "type": 1,
            "serialized_data": "[{\"pk\": 2, \"model\": \"cms.placeholder\", \"fields\": {\"slot\": \"sidebar_content\", \"default_width\": null}}]",
            "revision": 1
        }
    },
    {
        "pk": 3,
        "model": "reversion.version",
        "fields": {
            "format": "json",
            "object_repr": "base_content",
            "object_id": "3",
            "content_type": [
                "cms",
                "placeholder"
            ],
            "object_id_int": 3,
            "type": 1,
            "serialized_data": "[{\"pk\": 3, \"model\": \"cms.placeholder\", \"fields\": {\"slot\": \"base_content\", \"default_width\": null}}]",
            "revision": 1
        }
    },
    {
        "pk": 4,
        "model": "reversion.version",
        "fields": {
            "format": "json",
            "object_repr": "base_footer",
            "object_id": "4",
            "content_type": [
                "cms",
                "placeholder"
            ],
            "object_id_int": 4,
            "type": 1,
            "serialized_data": "[{\"pk\": 4, \"model\": \"cms.placeholder\", \"fields\": {\"slot\": \"base_footer\", \"default_width\": null}}]",
            "revision": 1
        }
    },
    {
        "pk": 5,
        "model": "reversion.version",
        "fields": {
            "format": "json",
            "object_repr": "First Page (first-page)",
            "object_id": "1",
            "content_type": [
                "cms",
                "title"
            ],
            "object_id_int": 1,
            "type": 1,
            "serialized_data": "[{\"pk\": 1, \"model\": \"cms.title\", \"fields\": {\"menu_title\": null, \"redirect\": null, \"meta_keywords\": null, \"page_title\": null, \"language\": \"en\", \"title\": \"First Page\", \"has_url_overwrite\": false, \"application_urls\": null, \"creation_date\": \"2012-08-08T00:46:55.896Z\", \"page\": 1, \"path\": \"first-page\", \"meta_description\": null, \"slug\": \"first-page\"}}]",
            "revision": 1
        }
    },
    {
        "pk": 6,
        "model": "reversion.version",
        "fields": {
            "format": "json",
            "object_repr": "template_1_content",
            "object_id": "1",
            "content_type": [
                "cms",
                "placeholder"
            ],
            "object_id_int": 1,
            "type": 1,
            "serialized_data": "[{\"pk\": 1, \"model\": \"cms.placeholder\", \"fields\": {\"slot\": \"template_1_content\", \"default_width\": null}}]",
            "revision": 1
        }
    },
    {
        "pk": 7,
        "model": "reversion.version",
        "fields": {
            "format": "json",
            "object_repr": "First Page",
            "object_id": "1",
            "content_type": [
                "cms",
                "page"
            ],
            "object_id_int": 1,
            "type": 1,
            "serialized_data": "[{\"pk\": 1, \"model\": \"cms.page\", \"fields\": {\"rght\": 2, \"navigation_extenders\": \"\", \"site\": 1, \"creation_date\": \"2012-08-08T00:46:55.856Z\", \"lft\": 1, \"in_navigation\": false, \"reverse_id\": null, \"login_required\": false, \"created_by\": \"jms511\", \"publication_end_date\": null, \"moderator_state\": 0, \"template\": \"template_1.html\", \"tree_id\": 1, \"placeholders\": [1, 2, 3, 4], \"changed_date\": \"2012-08-08T00:46:55.856Z\", \"limit_visibility_in_menu\": null, \"parent\": null, \"soft_root\": false, \"publication_date\": null, \"level\": 0, \"changed_by\": \"jms511\", \"published\": false}}]",
            "revision": 2
        }
    },
    {
        "pk": 8,
        "model": "reversion.version",
        "fields": {
            "format": "json",
            "object_repr": "sidebar_content",
            "object_id": "2",
            "content_type": [
                "cms",
                "placeholder"
            ],
            "object_id_int": 2,
            "type": 1,
            "serialized_data": "[{\"pk\": 2, \"model\": \"cms.placeholder\", \"fields\": {\"slot\": \"sidebar_content\", \"default_width\": null}}]",
            "revision": 2
        }
    },
    {
        "pk": 9,
        "model": "reversion.version",
        "fields": {
            "format": "json",
            "object_repr": "base_content",
            "object_id": "3",
            "content_type": [
                "cms",
                "placeholder"
            ],
            "object_id_int": 3,
            "type": 1,
            "serialized_data": "[{\"pk\": 3, \"model\": \"cms.placeholder\", \"fields\": {\"slot\": \"base_content\", \"default_width\": null}}]",
            "revision": 2
        }
    },
    {
        "pk": 10,
        "model": "reversion.version",
        "fields": {
            "format": "json",
            "object_repr": "base_footer",
            "object_id": "4",
            "content_type": [
                "cms",
                "placeholder"
            ],
            "object_id_int": 4,
            "type": 1,
            "serialized_data": "[{\"pk\": 4, \"model\": \"cms.placeholder\", \"fields\": {\"slot\": \"base_footer\", \"default_width\": null}}]",
            "revision": 2
        }
    },
    {
        "pk": 11,
        "model": "reversion.version",
        "fields": {
            "format": "json",
            "object_repr": "First Page (first-page)",
            "object_id": "1",
            "content_type": [
                "cms",
                "title"
            ],
            "object_id_int": 1,
            "type": 1,
            "serialized_data": "[{\"pk\": 1, \"model\": \"cms.title\", \"fields\": {\"menu_title\": null, \"redirect\": null, \"meta_keywords\": null, \"page_title\": null, \"language\": \"en\", \"title\": \"First Page\", \"has_url_overwrite\": false, \"application_urls\": null, \"creation_date\": \"2012-08-08T00:46:55.896Z\", \"page\": 1, \"path\": \"first-page\", \"meta_description\": null, \"slug\": \"first-page\"}}]",
            "revision": 2
        }
    },
    {
        "pk": 12,
        "model": "reversion.version",
        "fields": {
            "format": "json",
            "object_repr": "template_1_content",
            "object_id": "1",
            "content_type": [
                "cms",
                "placeholder"
            ],
            "object_id_int": 1,
            "type": 1,
            "serialized_data": "[{\"pk\": 1, \"model\": \"cms.placeholder\", \"fields\": {\"slot\": \"template_1_content\", \"default_width\": null}}]",
            "revision": 2
        }
    },
    {
        "pk": 13,
        "model": "reversion.version",
        "fields": {
            "format": "json",
            "object_repr": "Ricotta Apps",
            "object_id": "2",
            "content_type": [
                "cms",
                "page"
            ],
            "object_id_int": 2,
            "type": 0,
            "serialized_data": "[{\"pk\": 2, \"model\": \"cms.page\", \"fields\": {\"rght\": 2, \"navigation_extenders\": \"\", \"site\": 1, \"creation_date\": \"2012-08-08T00:47:04.552Z\", \"lft\": 1, \"in_navigation\": false, \"reverse_id\": null, \"login_required\": false, \"created_by\": \"jms511\", \"publication_end_date\": null, \"moderator_state\": 0, \"template\": \"template_1.html\", \"tree_id\": 2, \"placeholders\": [5, 6, 7, 8], \"changed_date\": \"2012-08-08T00:47:04.552Z\", \"limit_visibility_in_menu\": null, \"parent\": null, \"soft_root\": false, \"publication_date\": null, \"level\": 0, \"changed_by\": \"jms511\", \"published\": false}}]",
            "revision": 3
        }
    },
    {
        "pk": 14,
        "model": "reversion.version",
        "fields": {
            "format": "json",
            "object_repr": "template_1_content",
            "object_id": "5",
            "content_type": [
                "cms",
                "placeholder"
            ],
            "object_id_int": 5,
            "type": 1,
            "serialized_data": "[{\"pk\": 5, \"model\": \"cms.placeholder\", \"fields\": {\"slot\": \"template_1_content\", \"default_width\": null}}]",
            "revision": 3
        }
    },
    {
        "pk": 15,
        "model": "reversion.version",
        "fields": {
            "format": "json",
            "object_repr": "sidebar_content",
            "object_id": "6",
            "content_type": [
                "cms",
                "placeholder"
            ],
            "object_id_int": 6,
            "type": 1,
            "serialized_data": "[{\"pk\": 6, \"model\": \"cms.placeholder\", \"fields\": {\"slot\": \"sidebar_content\", \"default_width\": null}}]",
            "revision": 3
        }
    },
    {
        "pk": 16,
        "model": "reversion.version",
        "fields": {
            "format": "json",
            "object_repr": "base_content",
            "object_id": "7",
            "content_type": [
                "cms",
                "placeholder"
            ],
            "object_id_int": 7,
            "type": 1,
            "serialized_data": "[{\"pk\": 7, \"model\": \"cms.placeholder\", \"fields\": {\"slot\": \"base_content\", \"default_width\": null}}]",
            "revision": 3
        }
    },
    {
        "pk": 17,
        "model": "reversion.version",
        "fields": {
            "format": "json",
            "object_repr": "base_footer",
            "object_id": "8",
            "content_type": [
                "cms",
                "placeholder"
            ],
            "object_id_int": 8,
            "type": 1,
            "serialized_data": "[{\"pk\": 8, \"model\": \"cms.placeholder\", \"fields\": {\"slot\": \"base_footer\", \"default_width\": null}}]",
            "revision": 3
        }
    },
    {
        "pk": 18,
        "model": "reversion.version",
        "fields": {
            "format": "json",
            "object_repr": "Ricotta Apps (ricotta-apps)",
            "object_id": "2",
            "content_type": [
                "cms",
                "title"
            ],
            "object_id_int": 2,
            "type": 1,
            "serialized_data": "[{\"pk\": 2, \"model\": \"cms.title\", \"fields\": {\"menu_title\": null, \"redirect\": null, \"meta_keywords\": null, \"page_title\": null, \"language\": \"en\", \"title\": \"Ricotta Apps\", \"has_url_overwrite\": false, \"application_urls\": null, \"creation_date\": \"2012-08-08T00:47:04.592Z\", \"page\": 2, \"path\": \"ricotta-apps\", \"meta_description\": null, \"slug\": \"ricotta-apps\"}}]",
            "revision": 3
        }
    },
    {
        "pk": 19,
        "model": "reversion.version",
        "fields": {
            "format": "json",
            "object_repr": "Ricotta Apps",
            "object_id": "2",
            "content_type": [
                "cms",
                "page"
            ],
            "object_id_int": 2,
            "type": 1,
            "serialized_data": "[{\"pk\": 2, \"model\": \"cms.page\", \"fields\": {\"rght\": 2, \"navigation_extenders\": \"\", \"site\": 1, \"creation_date\": \"2012-08-08T00:47:04.552Z\", \"lft\": 1, \"in_navigation\": false, \"reverse_id\": null, \"login_required\": false, \"created_by\": \"jms511\", \"publication_end_date\": null, \"moderator_state\": 0, \"template\": \"template_1.html\", \"tree_id\": 2, \"placeholders\": [5, 6, 7, 8], \"changed_date\": \"2012-08-08T00:47:04.552Z\", \"limit_visibility_in_menu\": null, \"parent\": null, \"soft_root\": false, \"publication_date\": null, \"level\": 0, \"changed_by\": \"jms511\", \"published\": false}}]",
            "revision": 4
        }
    },
    {
        "pk": 20,
        "model": "reversion.version",
        "fields": {
            "format": "json",
            "object_repr": "template_1_content",
            "object_id": "5",
            "content_type": [
                "cms",
                "placeholder"
            ],
            "object_id_int": 5,
            "type": 1,
            "serialized_data": "[{\"pk\": 5, \"model\": \"cms.placeholder\", \"fields\": {\"slot\": \"template_1_content\", \"default_width\": null}}]",
            "revision": 4
        }
    },
    {
        "pk": 21,
        "model": "reversion.version",
        "fields": {
            "format": "json",
            "object_repr": "sidebar_content",
            "object_id": "6",
            "content_type": [
                "cms",
                "placeholder"
            ],
            "object_id_int": 6,
            "type": 1,
            "serialized_data": "[{\"pk\": 6, \"model\": \"cms.placeholder\", \"fields\": {\"slot\": \"sidebar_content\", \"default_width\": null}}]",
            "revision": 4
        }
    },
    {
        "pk": 22,
        "model": "reversion.version",
        "fields": {
            "format": "json",
            "object_repr": "base_content",
            "object_id": "7",
            "content_type": [
                "cms",
                "placeholder"
            ],
            "object_id_int": 7,
            "type": 1,
            "serialized_data": "[{\"pk\": 7, \"model\": \"cms.placeholder\", \"fields\": {\"slot\": \"base_content\", \"default_width\": null}}]",
            "revision": 4
        }
    },
    {
        "pk": 23,
        "model": "reversion.version",
        "fields": {
            "format": "json",
            "object_repr": "base_footer",
            "object_id": "8",
            "content_type": [
                "cms",
                "placeholder"
            ],
            "object_id_int": 8,
            "type": 1,
            "serialized_data": "[{\"pk\": 8, \"model\": \"cms.placeholder\", \"fields\": {\"slot\": \"base_footer\", \"default_width\": null}}]",
            "revision": 4
        }
    },
    {
        "pk": 24,
        "model": "reversion.version",
        "fields": {
            "format": "json",
            "object_repr": "Ricotta Apps (ricotta-apps)",
            "object_id": "2",
            "content_type": [
                "cms",
                "title"
            ],
            "object_id_int": 2,
            "type": 1,
            "serialized_data": "[{\"pk\": 2, \"model\": \"cms.title\", \"fields\": {\"menu_title\": null, \"redirect\": null, \"meta_keywords\": null, \"page_title\": null, \"language\": \"en\", \"title\": \"Ricotta Apps\", \"has_url_overwrite\": false, \"application_urls\": null, \"creation_date\": \"2012-08-08T00:47:04.592Z\", \"page\": 2, \"path\": \"ricotta-apps\", \"meta_description\": null, \"slug\": \"ricotta-apps\"}}]",
            "revision": 4
        }
    },
    {
        "pk": 25,
        "model": "reversion.version",
        "fields": {
            "format": "json",
            "object_repr": "Ricotta Apps",
            "object_id": "2",
            "content_type": [
                "cms",
                "page"
            ],
            "object_id_int": 2,
            "type": 1,
            "serialized_data": "[{\"pk\": 2, \"model\": \"cms.page\", \"fields\": {\"rght\": 2, \"navigation_extenders\": \"\", \"site\": 1, \"creation_date\": \"2012-08-08T00:47:04.552Z\", \"lft\": 1, \"in_navigation\": false, \"reverse_id\": null, \"login_required\": false, \"created_by\": \"jms511\", \"publication_end_date\": null, \"moderator_state\": 0, \"template\": \"template_1.html\", \"tree_id\": 2, \"placeholders\": [5, 6, 7, 8], \"changed_date\": \"2012-08-08T00:47:15.234Z\", \"limit_visibility_in_menu\": null, \"parent\": null, \"soft_root\": false, \"publication_date\": null, \"level\": 0, \"changed_by\": \"jms511\", \"published\": false}}]",
            "revision": 5
        }
    },
    {
        "pk": 26,
        "model": "reversion.version",
        "fields": {
            "format": "json",
            "object_repr": "template_1_content",
            "object_id": "5",
            "content_type": [
                "cms",
                "placeholder"
            ],
            "object_id_int": 5,
            "type": 1,
            "serialized_data": "[{\"pk\": 5, \"model\": \"cms.placeholder\", \"fields\": {\"slot\": \"template_1_content\", \"default_width\": null}}]",
            "revision": 5
        }
    },
    {
        "pk": 27,
        "model": "reversion.version",
        "fields": {
            "format": "json",
            "object_repr": "sidebar_content",
            "object_id": "6",
            "content_type": [
                "cms",
                "placeholder"
            ],
            "object_id_int": 6,
            "type": 1,
            "serialized_data": "[{\"pk\": 6, \"model\": \"cms.placeholder\", \"fields\": {\"slot\": \"sidebar_content\", \"default_width\": null}}]",
            "revision": 5
        }
    },
    {
        "pk": 28,
        "model": "reversion.version",
        "fields": {
            "format": "json",
            "object_repr": "base_content",
            "object_id": "7",
            "content_type": [
                "cms",
                "placeholder"
            ],
            "object_id_int": 7,
            "type": 1,
            "serialized_data": "[{\"pk\": 7, \"model\": \"cms.placeholder\", \"fields\": {\"slot\": \"base_content\", \"default_width\": null}}]",
            "revision": 5
        }
    },
    {
        "pk": 29,
        "model": "reversion.version",
        "fields": {
            "format": "json",
            "object_repr": "base_footer",
            "object_id": "8",
            "content_type": [
                "cms",
                "placeholder"
            ],
            "object_id_int": 8,
            "type": 1,
            "serialized_data": "[{\"pk\": 8, \"model\": \"cms.placeholder\", \"fields\": {\"slot\": \"base_footer\", \"default_width\": null}}]",
            "revision": 5
        }
    },
    {
        "pk": 30,
        "model": "reversion.version",
        "fields": {
            "format": "json",
            "object_repr": "Ricotta Apps (ricotta-apps)",
            "object_id": "2",
            "content_type": [
                "cms",
                "title"
            ],
            "object_id_int": 2,
            "type": 1,
            "serialized_data": "[{\"pk\": 2, \"model\": \"cms.title\", \"fields\": {\"menu_title\": \"\", \"redirect\": \"\", \"meta_keywords\": \"\", \"page_title\": \"\", \"language\": \"en\", \"title\": \"Ricotta Apps\", \"has_url_overwrite\": false, \"application_urls\": \"RicottaApp\", \"creation_date\": \"2012-08-08T00:47:04.592Z\", \"page\": 2, \"path\": \"ricotta-apps\", \"meta_description\": \"\", \"slug\": \"ricotta-apps\"}}]",
            "revision": 5
        }
    },
    {
        "pk": 31,
        "model": "reversion.version",
        "fields": {
            "format": "json",
            "object_repr": "Ricotta Apps",
            "object_id": "2",
            "content_type": [
                "cms",
                "page"
            ],
            "object_id_int": 2,
            "type": 1,
            "serialized_data": "[{\"pk\": 2, \"model\": \"cms.page\", \"fields\": {\"rght\": 2, \"navigation_extenders\": \"\", \"site\": 1, \"creation_date\": \"2012-08-08T00:47:04.552Z\", \"lft\": 1, \"in_navigation\": false, \"reverse_id\": null, \"login_required\": false, \"created_by\": \"jms511\", \"publication_end_date\": null, \"moderator_state\": 0, \"template\": \"template_1.html\", \"tree_id\": 2, \"placeholders\": [5, 6, 7, 8], \"changed_date\": \"2012-08-08T00:47:15.234Z\", \"limit_visibility_in_menu\": null, \"parent\": null, \"soft_root\": false, \"publication_date\": null, \"level\": 0, \"changed_by\": \"jms511\", \"published\": false}}]",
            "revision": 6
        }
    },
    {
        "pk": 32,
        "model": "reversion.version",
        "fields": {
            "format": "json",
            "object_repr": "template_1_content",
            "object_id": "5",
            "content_type": [
                "cms",
                "placeholder"
            ],
            "object_id_int": 5,
            "type": 1,
            "serialized_data": "[{\"pk\": 5, \"model\": \"cms.placeholder\", \"fields\": {\"slot\": \"template_1_content\", \"default_width\": null}}]",
            "revision": 6
        }
    },
    {
        "pk": 33,
        "model": "reversion.version",
        "fields": {
            "format": "json",
            "object_repr": "sidebar_content",
            "object_id": "6",
            "content_type": [
                "cms",
                "placeholder"
            ],
            "object_id_int": 6,
            "type": 1,
            "serialized_data": "[{\"pk\": 6, \"model\": \"cms.placeholder\", \"fields\": {\"slot\": \"sidebar_content\", \"default_width\": null}}]",
            "revision": 6
        }
    },
    {
        "pk": 34,
        "model": "reversion.version",
        "fields": {
            "format": "json",
            "object_repr": "base_content",
            "object_id": "7",
            "content_type": [
                "cms",
                "placeholder"
            ],
            "object_id_int": 7,
            "type": 1,
            "serialized_data": "[{\"pk\": 7, \"model\": \"cms.placeholder\", \"fields\": {\"slot\": \"base_content\", \"default_width\": null}}]",
            "revision": 6
        }
    },
    {
        "pk": 35,
        "model": "reversion.version",
        "fields": {
            "format": "json",
            "object_repr": "base_footer",
            "object_id": "8",
            "content_type": [
                "cms",
                "placeholder"
            ],
            "object_id_int": 8,
            "type": 1,
            "serialized_data": "[{\"pk\": 8, \"model\": \"cms.placeholder\", \"fields\": {\"slot\": \"base_footer\", \"default_width\": null}}]",
            "revision": 6
        }
    },
    {
        "pk": 36,
        "model": "reversion.version",
        "fields": {
            "format": "json",
            "object_repr": "Ricotta Apps (ricotta-apps)",
            "object_id": "2",
            "content_type": [
                "cms",
                "title"
            ],
            "object_id_int": 2,
            "type": 1,
            "serialized_data": "[{\"pk\": 2, \"model\": \"cms.title\", \"fields\": {\"menu_title\": \"\", \"redirect\": \"\", \"meta_keywords\": \"\", \"page_title\": \"\", \"language\": \"en\", \"title\": \"Ricotta Apps\", \"has_url_overwrite\": false, \"application_urls\": \"RicottaApp\", \"creation_date\": \"2012-08-08T00:47:04.592Z\", \"page\": 2, \"path\": \"ricotta-apps\", \"meta_description\": \"\", \"slug\": \"ricotta-apps\"}}]",
            "revision": 6
        }
    },
    {
        "pk": 37,
        "model": "reversion.version",
        "fields": {
            "format": "json",
            "object_repr": "First Page",
            "object_id": "1",
            "content_type": [
                "cms",
                "page"
            ],
            "object_id_int": 1,
            "type": 1,
            "serialized_data": "[{\"pk\": 1, \"model\": \"cms.page\", \"fields\": {\"rght\": 2, \"navigation_extenders\": \"\", \"site\": 1, \"creation_date\": \"2012-08-08T00:46:55.856Z\", \"lft\": 1, \"in_navigation\": true, \"reverse_id\": null, \"login_required\": false, \"created_by\": \"jms511\", \"publication_end_date\": null, \"moderator_state\": 0, \"template\": \"template_1.html\", \"tree_id\": 1, \"placeholders\": [1, 2, 3, 4], \"changed_date\": \"2012-08-08T00:47:21.826Z\", \"limit_visibility_in_menu\": null, \"parent\": null, \"soft_root\": false, \"publication_date\": \"2012-08-08T00:47:21.822Z\", \"level\": 0, \"changed_by\": \"jms511\", \"published\": true}}]",
            "revision": 7
        }
    },
    {
        "pk": 38,
        "model": "reversion.version",
        "fields": {
            "format": "json",
            "object_repr": "sidebar_content",
            "object_id": "2",
            "content_type": [
                "cms",
                "placeholder"
            ],
            "object_id_int": 2,
            "type": 1,
            "serialized_data": "[{\"pk\": 2, \"model\": \"cms.placeholder\", \"fields\": {\"slot\": \"sidebar_content\", \"default_width\": null}}]",
            "revision": 7
        }
    },
    {
        "pk": 39,
        "model": "reversion.version",
        "fields": {
            "format": "json",
            "object_repr": "base_content",
            "object_id": "3",
            "content_type": [
                "cms",
                "placeholder"
            ],
            "object_id_int": 3,
            "type": 1,
            "serialized_data": "[{\"pk\": 3, \"model\": \"cms.placeholder\", \"fields\": {\"slot\": \"base_content\", \"default_width\": null}}]",
            "revision": 7
        }
    },
    {
        "pk": 40,
        "model": "reversion.version",
        "fields": {
            "format": "json",
            "object_repr": "base_footer",
            "object_id": "4",
            "content_type": [
                "cms",
                "placeholder"
            ],
            "object_id_int": 4,
            "type": 1,
            "serialized_data": "[{\"pk\": 4, \"model\": \"cms.placeholder\", \"fields\": {\"slot\": \"base_footer\", \"default_width\": null}}]",
            "revision": 7
        }
    },
    {
        "pk": 41,
        "model": "reversion.version",
        "fields": {
            "format": "json",
            "object_repr": "template_1_content",
            "object_id": "1",
            "content_type": [
                "cms",
                "placeholder"
            ],
            "object_id_int": 1,
            "type": 1,
            "serialized_data": "[{\"pk\": 1, \"model\": \"cms.placeholder\", \"fields\": {\"slot\": \"template_1_content\", \"default_width\": null}}]",
            "revision": 7
        }
    },
    {
        "pk": 42,
        "model": "reversion.version",
        "fields": {
            "format": "json",
            "object_repr": "First Page (first-page)",
            "object_id": "1",
            "content_type": [
                "cms",
                "title"
            ],
            "object_id_int": 1,
            "type": 1,
            "serialized_data": "[{\"pk\": 1, \"model\": \"cms.title\", \"fields\": {\"menu_title\": null, \"redirect\": null, \"meta_keywords\": null, \"page_title\": null, \"language\": \"en\", \"title\": \"First Page\", \"has_url_overwrite\": false, \"application_urls\": null, \"creation_date\": \"2012-08-08T00:46:55.896Z\", \"page\": 1, \"path\": \"first-page\", \"meta_description\": null, \"slug\": \"first-page\"}}]",
            "revision": 7
        }
    },
    {
        "pk": 43,
        "model": "reversion.version",
        "fields": {
            "format": "json",
            "object_repr": "1",
            "object_id": "1",
            "content_type": [
                "cms",
                "cmsplugin"
            ],
            "object_id_int": 1,
            "type": 1,
            "serialized_data": "[{\"pk\": 1, \"model\": \"cms.cmsplugin\", \"fields\": {\"rght\": 2, \"parent\": null, \"language\": \"en\", \"level\": 0, \"creation_date\": \"2012-08-08T00:47:33.052Z\", \"lft\": 1, \"tree_id\": 1, \"position\": 0, \"placeholder\": 1, \"plugin_type\": \"TextPlugin\"}}]",
            "revision": 7
        }
    },
    {
        "pk": 44,
        "model": "reversion.version",
        "fields": {
            "format": "json",
            "object_repr": "First Page",
            "object_id": "1",
            "content_type": [
                "cms",
                "page"
            ],
            "object_id_int": 1,
            "type": 1,
            "serialized_data": "[{\"pk\": 1, \"model\": \"cms.page\", \"fields\": {\"rght\": 2, \"navigation_extenders\": \"\", \"site\": 1, \"creation_date\": \"2012-08-08T00:46:55.856Z\", \"lft\": 1, \"in_navigation\": true, \"reverse_id\": null, \"login_required\": false, \"created_by\": \"jms511\", \"publication_end_date\": null, \"moderator_state\": 0, \"template\": \"template_1.html\", \"tree_id\": 1, \"placeholders\": [1, 2, 3, 4], \"changed_date\": \"2012-08-08T00:47:21.826Z\", \"limit_visibility_in_menu\": null, \"parent\": null, \"soft_root\": false, \"publication_date\": \"2012-08-08T00:47:21.822Z\", \"level\": 0, \"changed_by\": \"jms511\", \"published\": true}}]",
            "revision": 8
        }
    },
    {
        "pk": 45,
        "model": "reversion.version",
        "fields": {
            "format": "json",
            "object_repr": "sidebar_content",
            "object_id": "2",
            "content_type": [
                "cms",
                "placeholder"
            ],
            "object_id_int": 2,
            "type": 1,
            "serialized_data": "[{\"pk\": 2, \"model\": \"cms.placeholder\", \"fields\": {\"slot\": \"sidebar_content\", \"default_width\": null}}]",
            "revision": 8
        }
    },
    {
        "pk": 46,
        "model": "reversion.version",
        "fields": {
            "format": "json",
            "object_repr": "base_content",
            "object_id": "3",
            "content_type": [
                "cms",
                "placeholder"
            ],
            "object_id_int": 3,
            "type": 1,
            "serialized_data": "[{\"pk\": 3, \"model\": \"cms.placeholder\", \"fields\": {\"slot\": \"base_content\", \"default_width\": null}}]",
            "revision": 8
        }
    },
    {
        "pk": 47,
        "model": "reversion.version",
        "fields": {
            "format": "json",
            "object_repr": "base_footer",
            "object_id": "4",
            "content_type": [
                "cms",
                "placeholder"
            ],
            "object_id_int": 4,
            "type": 1,
            "serialized_data": "[{\"pk\": 4, \"model\": \"cms.placeholder\", \"fields\": {\"slot\": \"base_footer\", \"default_width\": null}}]",
            "revision": 8
        }
    },
    {
        "pk": 48,
        "model": "reversion.version",
        "fields": {
            "format": "json",
            "object_repr": "This is a ......",
            "object_id": "1",
            "content_type": [
                "text",
                "text"
            ],
            "object_id_int": 1,
            "type": 1,
            "serialized_data": "[{\"pk\": 1, \"model\": \"text.text\", \"fields\": {\"body\": \"<p>This is a django-cms page. Exciting!</p>\"}}]",
            "revision": 8
        }
    },
    {
        "pk": 49,
        "model": "reversion.version",
        "fields": {
            "format": "json",
            "object_repr": "template_1_content",
            "object_id": "1",
            "content_type": [
                "cms",
                "placeholder"
            ],
            "object_id_int": 1,
            "type": 1,
            "serialized_data": "[{\"pk\": 1, \"model\": \"cms.placeholder\", \"fields\": {\"slot\": \"template_1_content\", \"default_width\": null}}]",
            "revision": 8
        }
    },
    {
        "pk": 50,
        "model": "reversion.version",
        "fields": {
            "format": "json",
            "object_repr": "First Page (first-page)",
            "object_id": "1",
            "content_type": [
                "cms",
                "title"
            ],
            "object_id_int": 1,
            "type": 1,
            "serialized_data": "[{\"pk\": 1, \"model\": \"cms.title\", \"fields\": {\"menu_title\": null, \"redirect\": null, \"meta_keywords\": null, \"page_title\": null, \"language\": \"en\", \"title\": \"First Page\", \"has_url_overwrite\": false, \"application_urls\": null, \"creation_date\": \"2012-08-08T00:46:55.896Z\", \"page\": 1, \"path\": \"first-page\", \"meta_description\": null, \"slug\": \"first-page\"}}]",
            "revision": 8
        }
    },
    {
        "pk": 51,
        "model": "reversion.version",
        "fields": {
            "format": "json",
            "object_repr": "1",
            "object_id": "1",
            "content_type": [
                "cms",
                "cmsplugin"
            ],
            "object_id_int": 1,
            "type": 1,
            "serialized_data": "[{\"pk\": 1, \"model\": \"cms.cmsplugin\", \"fields\": {\"rght\": 2, \"parent\": null, \"language\": \"en\", \"level\": 0, \"creation_date\": \"2012-08-08T00:47:33.052Z\", \"lft\": 1, \"tree_id\": 1, \"position\": 0, \"placeholder\": 1, \"plugin_type\": \"TextPlugin\"}}]",
            "revision": 8
        }
    },
    {
        "pk": 52,
        "model": "reversion.version",
        "fields": {
            "format": "json",
            "object_repr": "First Page",
            "object_id": "1",
            "content_type": [
                "cms",
                "page"
            ],
            "object_id_int": 1,
            "type": 1,
            "serialized_data": "[{\"pk\": 1, \"model\": \"cms.page\", \"fields\": {\"rght\": 2, \"navigation_extenders\": \"\", \"site\": 1, \"creation_date\": \"2012-08-08T00:46:55.856Z\", \"lft\": 1, \"in_navigation\": true, \"reverse_id\": null, \"login_required\": false, \"created_by\": \"jms511\", \"publication_end_date\": null, \"moderator_state\": 0, \"template\": \"template_1.html\", \"tree_id\": 1, \"placeholders\": [1, 2, 3, 4], \"changed_date\": \"2012-08-08T00:47:45.648Z\", \"limit_visibility_in_menu\": null, \"parent\": null, \"soft_root\": false, \"publication_date\": \"2012-08-08T00:47:21.822Z\", \"level\": 0, \"changed_by\": \"jms511\", \"published\": true}}]",
            "revision": 9
        }
    },
    {
        "pk": 53,
        "model": "reversion.version",
        "fields": {
            "format": "json",
            "object_repr": "sidebar_content",
            "object_id": "2",
            "content_type": [
                "cms",
                "placeholder"
            ],
            "object_id_int": 2,
            "type": 1,
            "serialized_data": "[{\"pk\": 2, \"model\": \"cms.placeholder\", \"fields\": {\"slot\": \"sidebar_content\", \"default_width\": null}}]",
            "revision": 9
        }
    },
    {
        "pk": 54,
        "model": "reversion.version",
        "fields": {
            "format": "json",
            "object_repr": "base_content",
            "object_id": "3",
            "content_type": [
                "cms",
                "placeholder"
            ],
            "object_id_int": 3,
            "type": 1,
            "serialized_data": "[{\"pk\": 3, \"model\": \"cms.placeholder\", \"fields\": {\"slot\": \"base_content\", \"default_width\": null}}]",
            "revision": 9
        }
    },
    {
        "pk": 55,
        "model": "reversion.version",
        "fields": {
            "format": "json",
            "object_repr": "base_footer",
            "object_id": "4",
            "content_type": [
                "cms",
                "placeholder"
            ],
            "object_id_int": 4,
            "type": 1,
            "serialized_data": "[{\"pk\": 4, \"model\": \"cms.placeholder\", \"fields\": {\"slot\": \"base_footer\", \"default_width\": null}}]",
            "revision": 9
        }
    },
    {
        "pk": 56,
        "model": "reversion.version",
        "fields": {
            "format": "json",
            "object_repr": "First Page (first-page)",
            "object_id": "1",
            "content_type": [
                "cms",
                "title"
            ],
            "object_id_int": 1,
            "type": 1,
            "serialized_data": "[{\"pk\": 1, \"model\": \"cms.title\", \"fields\": {\"menu_title\": \"\", \"redirect\": \"\", \"meta_keywords\": \"\", \"page_title\": \"\", \"language\": \"en\", \"title\": \"First Page\", \"has_url_overwrite\": false, \"application_urls\": \"\", \"creation_date\": \"2012-08-08T00:46:55.896Z\", \"page\": 1, \"path\": \"\", \"meta_description\": \"\", \"slug\": \"first-page\"}}]",
            "revision": 9
        }
    },
    {
        "pk": 57,
        "model": "reversion.version",
        "fields": {
            "format": "json",
            "object_repr": "template_1_content",
            "object_id": "1",
            "content_type": [
                "cms",
                "placeholder"
            ],
            "object_id_int": 1,
            "type": 1,
            "serialized_data": "[{\"pk\": 1, \"model\": \"cms.placeholder\", \"fields\": {\"slot\": \"template_1_content\", \"default_width\": null}}]",
            "revision": 9
        }
    },
    {
        "pk": 58,
        "model": "reversion.version",
        "fields": {
            "format": "json",
            "object_repr": "First Page",
            "object_id": "1",
            "content_type": [
                "cms",
                "page"
            ],
            "object_id_int": 1,
            "type": 1,
            "serialized_data": "[{\"pk\": 1, \"model\": \"cms.page\", \"fields\": {\"rght\": 2, \"navigation_extenders\": \"\", \"site\": 1, \"creation_date\": \"2012-08-08T00:46:55.856Z\", \"lft\": 1, \"in_navigation\": true, \"reverse_id\": null, \"login_required\": false, \"created_by\": \"jms511\", \"publication_end_date\": null, \"moderator_state\": 0, \"template\": \"template_1.html\", \"tree_id\": 1, \"placeholders\": [1, 2, 3, 4], \"changed_date\": \"2012-08-08T00:47:45.648Z\", \"limit_visibility_in_menu\": null, \"parent\": null, \"soft_root\": false, \"publication_date\": \"2012-08-08T00:47:21.822Z\", \"level\": 0, \"changed_by\": \"jms511\", \"published\": true}}]",
            "revision": 10
        }
    },
    {
        "pk": 59,
        "model": "reversion.version",
        "fields": {
            "format": "json",
            "object_repr": "sidebar_content",
            "object_id": "2",
            "content_type": [
                "cms",
                "placeholder"
            ],
            "object_id_int": 2,
            "type": 1,
            "serialized_data": "[{\"pk\": 2, \"model\": \"cms.placeholder\", \"fields\": {\"slot\": \"sidebar_content\", \"default_width\": null}}]",
            "revision": 10
        }
    },
    {
        "pk": 60,
        "model": "reversion.version",
        "fields": {
            "format": "json",
            "object_repr": "base_content",
            "object_id": "3",
            "content_type": [
                "cms",
                "placeholder"
            ],
            "object_id_int": 3,
            "type": 1,
            "serialized_data": "[{\"pk\": 3, \"model\": \"cms.placeholder\", \"fields\": {\"slot\": \"base_content\", \"default_width\": null}}]",
            "revision": 10
        }
    },
    {
        "pk": 61,
        "model": "reversion.version",
        "fields": {
            "format": "json",
            "object_repr": "base_footer",
            "object_id": "4",
            "content_type": [
                "cms",
                "placeholder"
            ],
            "object_id_int": 4,
            "type": 1,
            "serialized_data": "[{\"pk\": 4, \"model\": \"cms.placeholder\", \"fields\": {\"slot\": \"base_footer\", \"default_width\": null}}]",
            "revision": 10
        }
    },
    {
        "pk": 62,
        "model": "reversion.version",
        "fields": {
            "format": "json",
            "object_repr": "This is a ......",
            "object_id": "1",
            "content_type": [
                "text",
                "text"
            ],
            "object_id_int": 1,
            "type": 1,
            "serialized_data": "[{\"pk\": 1, \"model\": \"text.text\", \"fields\": {\"body\": \"<p>This is a django-cms page. Exciting!</p>\"}}]",
            "revision": 10
        }
    },
    {
        "pk": 63,
        "model": "reversion.version",
        "fields": {
            "format": "json",
            "object_repr": "template_1_content",
            "object_id": "1",
            "content_type": [
                "cms",
                "placeholder"
            ],
            "object_id_int": 1,
            "type": 1,
            "serialized_data": "[{\"pk\": 1, \"model\": \"cms.placeholder\", \"fields\": {\"slot\": \"template_1_content\", \"default_width\": null}}]",
            "revision": 10
        }
    },
    {
        "pk": 64,
        "model": "reversion.version",
        "fields": {
            "format": "json",
            "object_repr": "First Page (first-page)",
            "object_id": "1",
            "content_type": [
                "cms",
                "title"
            ],
            "object_id_int": 1,
            "type": 1,
            "serialized_data": "[{\"pk\": 1, \"model\": \"cms.title\", \"fields\": {\"menu_title\": \"\", \"redirect\": \"\", \"meta_keywords\": \"\", \"page_title\": \"\", \"language\": \"en\", \"title\": \"First Page\", \"has_url_overwrite\": false, \"application_urls\": \"\", \"creation_date\": \"2012-08-08T00:46:55.896Z\", \"page\": 1, \"path\": \"\", \"meta_description\": \"\", \"slug\": \"first-page\"}}]",
            "revision": 10
        }
    },
    {
        "pk": 65,
        "model": "reversion.version",
        "fields": {
            "format": "json",
            "object_repr": "1",
            "object_id": "1",
            "content_type": [
                "cms",
                "cmsplugin"
            ],
            "object_id_int": 1,
            "type": 1,
            "serialized_data": "[{\"pk\": 1, \"model\": \"cms.cmsplugin\", \"fields\": {\"rght\": 2, \"parent\": null, \"language\": \"en\", \"level\": 0, \"creation_date\": \"2012-08-08T00:47:33.052Z\", \"lft\": 1, \"tree_id\": 1, \"position\": 0, \"placeholder\": 1, \"plugin_type\": \"TextPlugin\"}}]",
            "revision": 10
        }
    },
    {
        "pk": 1,
        "model": "text.text",
        "fields": {
            "body": "<p>This is a django-cms page. Exciting!</p>"
        }
    },
    {
        "pk": 19,
        "model": "auth.permission",
        "fields": {
            "codename": "add_logentry",
            "name": "Can add log entry",
            "content_type": [
                "admin",
                "logentry"
            ]
        }
    },
    {
        "pk": 20,
        "model": "auth.permission",
        "fields": {
            "codename": "change_logentry",
            "name": "Can change log entry",
            "content_type": [
                "admin",
                "logentry"
            ]
        }
    },
    {
        "pk": 21,
        "model": "auth.permission",
        "fields": {
            "codename": "delete_logentry",
            "name": "Can delete log entry",
            "content_type": [
                "admin",
                "logentry"
            ]
        }
    },
    {
        "pk": 1,
        "model": "auth.permission",
        "fields": {
            "codename": "add_group",
            "name": "Can add group",
            "content_type": [
                "auth",
                "group"
            ]
        }
    },
    {
        "pk": 4,
        "model": "auth.permission",
        "fields": {
            "codename": "change_group",
            "name": "Can change group",
            "content_type": [
                "auth",
                "group"
            ]
        }
    },
    {
        "pk": 7,
        "model": "auth.permission",
        "fields": {
            "codename": "delete_group",
            "name": "Can delete group",
            "content_type": [
                "auth",
                "group"
            ]
        }
    },
    {
        "pk": 2,
        "model": "auth.permission",
        "fields": {
            "codename": "add_permission",
            "name": "Can add permission",
            "content_type": [
                "auth",
                "permission"
            ]
        }
    },
    {
        "pk": 5,
        "model": "auth.permission",
        "fields": {
            "codename": "change_permission",
            "name": "Can change permission",
            "content_type": [
                "auth",
                "permission"
            ]
        }
    },
    {
        "pk": 8,
        "model": "auth.permission",
        "fields": {
            "codename": "delete_permission",
            "name": "Can delete permission",
            "content_type": [
                "auth",
                "permission"
            ]
        }
    },
    {
        "pk": 3,
        "model": "auth.permission",
        "fields": {
            "codename": "add_user",
            "name": "Can add user",
            "content_type": [
                "auth",
                "user"
            ]
        }
    },
    {
        "pk": 6,
        "model": "auth.permission",
        "fields": {
            "codename": "change_user",
            "name": "Can change user",
            "content_type": [
                "auth",
                "user"
            ]
        }
    },
    {
        "pk": 9,
        "model": "auth.permission",
        "fields": {
            "codename": "delete_user",
            "name": "Can delete user",
            "content_type": [
                "auth",
                "user"
            ]
        }
    },
    {
        "pk": 59,
        "model": "auth.permission",
        "fields": {
            "codename": "add_cmsplugin",
            "name": "Can add cms plugin",
            "content_type": [
                "cms",
                "cmsplugin"
            ]
        }
    },
    {
        "pk": 69,
        "model": "auth.permission",
        "fields": {
            "codename": "change_cmsplugin",
            "name": "Can change cms plugin",
            "content_type": [
                "cms",
                "cmsplugin"
            ]
        }
    },
    {
        "pk": 79,
        "model": "auth.permission",
        "fields": {
            "codename": "delete_cmsplugin",
            "name": "Can delete cms plugin",
            "content_type": [
                "cms",
                "cmsplugin"
            ]
        }
    },
    {
        "pk": 53,
        "model": "auth.permission",
        "fields": {
            "codename": "add_globalpagepermission",
            "name": "Can add Page global permission",
            "content_type": [
                "cms",
                "globalpagepermission"
            ]
        }
    },
    {
        "pk": 63,
        "model": "auth.permission",
        "fields": {
            "codename": "change_globalpagepermission",
            "name": "Can change Page global permission",
            "content_type": [
                "cms",
                "globalpagepermission"
            ]
        }
    },
    {
        "pk": 73,
        "model": "auth.permission",
        "fields": {
            "codename": "delete_globalpagepermission",
            "name": "Can delete Page global permission",
            "content_type": [
                "cms",
                "globalpagepermission"
            ]
        }
    },
    {
        "pk": 60,
        "model": "auth.permission",
        "fields": {
            "codename": "add_page",
            "name": "Can add page",
            "content_type": [
                "cms",
                "page"
            ]
        }
    },
    {
        "pk": 70,
        "model": "auth.permission",
        "fields": {
            "codename": "change_page",
            "name": "Can change page",
            "content_type": [
                "cms",
                "page"
            ]
        }
    },
    {
        "pk": 80,
        "model": "auth.permission",
        "fields": {
            "codename": "delete_page",
            "name": "Can delete page",
            "content_type": [
                "cms",
                "page"
            ]
        }
    },
    {
        "pk": 83,
        "model": "auth.permission",
        "fields": {
            "codename": "view_page",
            "name": "Can view page",
            "content_type": [
                "cms",
                "page"
            ]
        }
    },
    {
        "pk": 56,
        "model": "auth.permission",
        "fields": {
            "codename": "add_pagemoderator",
            "name": "Can add PageModerator",
            "content_type": [
                "cms",
                "pagemoderator"
            ]
        }
    },
    {
        "pk": 66,
        "model": "auth.permission",
        "fields": {
            "codename": "change_pagemoderator",
            "name": "Can change PageModerator",
            "content_type": [
                "cms",
                "pagemoderator"
            ]
        }
    },
    {
        "pk": 76,
        "model": "auth.permission",
        "fields": {
            "codename": "delete_pagemoderator",
            "name": "Can delete PageModerator",
            "content_type": [
                "cms",
                "pagemoderator"
            ]
        }
    },
    {
        "pk": 54,
        "model": "auth.permission",
        "fields": {
            "codename": "add_pagemoderatorstate",
            "name": "Can add Page moderator state",
            "content_type": [
                "cms",
                "pagemoderatorstate"
            ]
        }
    },
    {
        "pk": 64,
        "model": "auth.permission",
        "fields": {
            "codename": "change_pagemoderatorstate",
            "name": "Can change Page moderator state",
            "content_type": [
                "cms",
                "pagemoderatorstate"
            ]
        }
    },
    {
        "pk": 74,
        "model": "auth.permission",
        "fields": {
            "codename": "delete_pagemoderatorstate",
            "name": "Can delete Page moderator state",
            "content_type": [
                "cms",
                "pagemoderatorstate"
            ]
        }
    },
    {
        "pk": 55,
        "model": "auth.permission",
        "fields": {
            "codename": "add_pagepermission",
            "name": "Can add Page permission",
            "content_type": [
                "cms",
                "pagepermission"
            ]
        }
    },
    {
        "pk": 65,
        "model": "auth.permission",
        "fields": {
            "codename": "change_pagepermission",
            "name": "Can change Page permission",
            "content_type": [
                "cms",
                "pagepermission"
            ]
        }
    },
    {
        "pk": 75,
        "model": "auth.permission",
        "fields": {
            "codename": "delete_pagepermission",
            "name": "Can delete Page permission",
            "content_type": [
                "cms",
                "pagepermission"
            ]
        }
    },
    {
        "pk": 57,
        "model": "auth.permission",
        "fields": {
            "codename": "add_pageuser",
            "name": "Can add User (page)",
            "content_type": [
                "cms",
                "pageuser"
            ]
        }
    },
    {
        "pk": 67,
        "model": "auth.permission",
        "fields": {
            "codename": "change_pageuser",
            "name": "Can change User (page)",
            "content_type": [
                "cms",
                "pageuser"
            ]
        }
    },
    {
        "pk": 77,
        "model": "auth.permission",
        "fields": {
            "codename": "delete_pageuser",
            "name": "Can delete User (page)",
            "content_type": [
                "cms",
                "pageuser"
            ]
        }
    },
    {
        "pk": 58,
        "model": "auth.permission",
        "fields": {
            "codename": "add_pageusergroup",
            "name": "Can add User group (page)",
            "content_type": [
                "cms",
                "pageusergroup"
            ]
        }
    },
    {
        "pk": 68,
        "model": "auth.permission",
        "fields": {
            "codename": "change_pageusergroup",
            "name": "Can change User group (page)",
            "content_type": [
                "cms",
                "pageusergroup"
            ]
        }
    },
    {
        "pk": 78,
        "model": "auth.permission",
        "fields": {
            "codename": "delete_pageusergroup",
            "name": "Can delete User group (page)",
            "content_type": [
                "cms",
                "pageusergroup"
            ]
        }
    },
    {
        "pk": 61,
        "model": "auth.permission",
        "fields": {
            "codename": "add_placeholder",
            "name": "Can add placeholder",
            "content_type": [
                "cms",
                "placeholder"
            ]
        }
    },
    {
        "pk": 71,
        "model": "auth.permission",
        "fields": {
            "codename": "change_placeholder",
            "name": "Can change placeholder",
            "content_type": [
                "cms",
                "placeholder"
            ]
        }
    },
    {
        "pk": 81,
        "model": "auth.permission",
        "fields": {
            "codename": "delete_placeholder",
            "name": "Can delete placeholder",
            "content_type": [
                "cms",
                "placeholder"
            ]
        }
    },
    {
        "pk": 62,
        "model": "auth.permission",
        "fields": {
            "codename": "add_title",
            "name": "Can add title",
            "content_type": [
                "cms",
                "title"
            ]
        }
    },
    {
        "pk": 72,
        "model": "auth.permission",
        "fields": {
            "codename": "change_title",
            "name": "Can change title",
            "content_type": [
                "cms",
                "title"
            ]
        }
    },
    {
        "pk": 82,
        "model": "auth.permission",
        "fields": {
            "codename": "delete_title",
            "name": "Can delete title",
            "content_type": [
                "cms",
                "title"
            ]
        }
    },
    {
        "pk": 10,
        "model": "auth.permission",
        "fields": {
            "codename": "add_contenttype",
            "name": "Can add content type",
            "content_type": [
                "contenttypes",
                "contenttype"
            ]
        }
    },
    {
        "pk": 11,
        "model": "auth.permission",
        "fields": {
            "codename": "change_contenttype",
            "name": "Can change content type",
            "content_type": [
                "contenttypes",
                "contenttype"
            ]
        }
    },
    {
        "pk": 12,
        "model": "auth.permission",
        "fields": {
            "codename": "delete_contenttype",
            "name": "Can delete content type",
            "content_type": [
                "contenttypes",
                "contenttype"
            ]
        }
    },
    {
        "pk": 96,
        "model": "auth.permission",
        "fields": {
            "codename": "add_file",
            "name": "Can add file",
            "content_type": [
                "file",
                "file"
            ]
        }
    },
    {
        "pk": 97,
        "model": "auth.permission",
        "fields": {
            "codename": "change_file",
            "name": "Can change file",
            "content_type": [
                "file",
                "file"
            ]
        }
    },
    {
        "pk": 98,
        "model": "auth.permission",
        "fields": {
            "codename": "delete_file",
            "name": "Can delete file",
            "content_type": [
                "file",
                "file"
            ]
        }
    },
    {
        "pk": 99,
        "model": "auth.permission",
        "fields": {
            "codename": "add_flash",
            "name": "Can add flash",
            "content_type": [
                "flash",
                "flash"
            ]
        }
    },
    {
        "pk": 100,
        "model": "auth.permission",
        "fields": {
            "codename": "change_flash",
            "name": "Can change flash",
            "content_type": [
                "flash",
                "flash"
            ]
        }
    },
    {
        "pk": 101,
        "model": "auth.permission",
        "fields": {
            "codename": "delete_flash",
            "name": "Can delete flash",
            "content_type": [
                "flash",
                "flash"
            ]
        }
    },
    {
        "pk": 102,
        "model": "auth.permission",
        "fields": {
            "codename": "add_googlemap",
            "name": "Can add google map",
            "content_type": [
                "googlemap",
                "googlemap"
            ]
        }
    },
    {
        "pk": 103,
        "model": "auth.permission",
        "fields": {
            "codename": "change_googlemap",
            "name": "Can change google map",
            "content_type": [
                "googlemap",
                "googlemap"
            ]
        }
    },
    {
        "pk": 104,
        "model": "auth.permission",
        "fields": {
            "codename": "delete_googlemap",
            "name": "Can delete google map",
            "content_type": [
                "googlemap",
                "googlemap"
            ]
        }
    },
    {
        "pk": 105,
        "model": "auth.permission",
        "fields": {
            "codename": "add_link",
            "name": "Can add link",
            "content_type": [
                "link",
                "link"
            ]
        }
    },
    {
        "pk": 106,
        "model": "auth.permission",
        "fields": {
            "codename": "change_link",
            "name": "Can change link",
            "content_type": [
                "link",
                "link"
            ]
        }
    },
    {
        "pk": 107,
        "model": "auth.permission",
        "fields": {
            "codename": "delete_link",
            "name": "Can delete link",
            "content_type": [
                "link",
                "link"
            ]
        }
    },
    {
        "pk": 84,
        "model": "auth.permission",
        "fields": {
            "codename": "add_cachekey",
            "name": "Can add cache key",
            "content_type": [
                "menus",
                "cachekey"
            ]
        }
    },
    {
        "pk": 85,
        "model": "auth.permission",
        "fields": {
            "codename": "change_cachekey",
            "name": "Can change cache key",
            "content_type": [
                "menus",
                "cachekey"
            ]
        }
    },
    {
        "pk": 86,
        "model": "auth.permission",
        "fields": {
            "codename": "delete_cachekey",
            "name": "Can delete cache key",
            "content_type": [
                "menus",
                "cachekey"
            ]
        }
    },
    {
        "pk": 108,
        "model": "auth.permission",
        "fields": {
            "codename": "add_picture",
            "name": "Can add picture",
            "content_type": [
                "picture",
                "picture"
            ]
        }
    },
    {
        "pk": 109,
        "model": "auth.permission",
        "fields": {
            "codename": "change_picture",
            "name": "Can change picture",
            "content_type": [
                "picture",
                "picture"
            ]
        }
    },
    {
        "pk": 110,
        "model": "auth.permission",
        "fields": {
            "codename": "delete_picture",
            "name": "Can delete picture",
            "content_type": [
                "picture",
                "picture"
            ]
        }
    },
    {
        "pk": 90,
        "model": "auth.permission",
        "fields": {
            "codename": "add_revision",
            "name": "Can add revision",
            "content_type": [
                "reversion",
                "revision"
            ]
        }
    },
    {
        "pk": 92,
        "model": "auth.permission",
        "fields": {
            "codename": "change_revision",
            "name": "Can change revision",
            "content_type": [
                "reversion",
                "revision"
            ]
        }
    },
    {
        "pk": 94,
        "model": "auth.permission",
        "fields": {
            "codename": "delete_revision",
            "name": "Can delete revision",
            "content_type": [
                "reversion",
                "revision"
            ]
        }
    },
    {
        "pk": 91,
        "model": "auth.permission",
        "fields": {
            "codename": "add_version",
            "name": "Can add version",
            "content_type": [
                "reversion",
                "version"
            ]
        }
    },
    {
        "pk": 93,
        "model": "auth.permission",
        "fields": {
            "codename": "change_version",
            "name": "Can change version",
            "content_type": [
                "reversion",
                "version"
            ]
        }
    },
    {
        "pk": 95,
        "model": "auth.permission",
        "fields": {
            "codename": "delete_version",
            "name": "Can delete version",
            "content_type": [
                "reversion",
                "version"
            ]
        }
    },
    {
        "pk": 28,
        "model": "auth.permission",
        "fields": {
            "codename": "add_disciplinerecord",
            "name": "Can add discipline record",
            "content_type": [
                "ricotta",
                "disciplinerecord"
            ]
        }
    },
    {
        "pk": 36,
        "model": "auth.permission",
        "fields": {
            "codename": "change_disciplinerecord",
            "name": "Can change discipline record",
            "content_type": [
                "ricotta",
                "disciplinerecord"
            ]
        }
    },
    {
        "pk": 44,
        "model": "auth.permission",
        "fields": {
            "codename": "delete_disciplinerecord",
            "name": "Can delete discipline record",
            "content_type": [
                "ricotta",
                "disciplinerecord"
            ]
        }
    },
    {
        "pk": 52,
        "model": "auth.permission",
        "fields": {
            "codename": "view_dr",
            "name": "View discipline record",
            "content_type": [
                "ricotta",
                "disciplinerecord"
            ]
        }
    },
    {
        "pk": 29,
        "model": "auth.permission",
        "fields": {
            "codename": "add_listserv",
            "name": "Can add listserv",
            "content_type": [
                "ricotta",
                "listserv"
            ]
        }
    },
    {
        "pk": 37,
        "model": "auth.permission",
        "fields": {
            "codename": "change_listserv",
            "name": "Can change listserv",
            "content_type": [
                "ricotta",
                "listserv"
            ]
        }
    },
    {
        "pk": 45,
        "model": "auth.permission",
        "fields": {
            "codename": "delete_listserv",
            "name": "Can delete listserv",
            "content_type": [
                "ricotta",
                "listserv"
            ]
        }
    },
    {
        "pk": 30,
        "model": "auth.permission",
        "fields": {
            "codename": "add_location",
            "name": "Can add location",
            "content_type": [
                "ricotta",
                "location"
            ]
        }
    },
    {
        "pk": 38,
        "model": "auth.permission",
        "fields": {
            "codename": "change_location",
            "name": "Can change location",
            "content_type": [
                "ricotta",
                "location"
            ]
        }
    },
    {
        "pk": 46,
        "model": "auth.permission",
        "fields": {
            "codename": "delete_location",
            "name": "Can delete location",
            "content_type": [
                "ricotta",
                "location"
            ]
        }
    },
    {
        "pk": 31,
        "model": "auth.permission",
        "fields": {
            "codename": "add_plannerblock",
            "name": "Can add planner block",
            "content_type": [
                "ricotta",
                "plannerblock"
            ]
        }
    },
    {
        "pk": 39,
        "model": "auth.permission",
        "fields": {
            "codename": "change_plannerblock",
            "name": "Can change planner block",
            "content_type": [
                "ricotta",
                "plannerblock"
            ]
        }
    },
    {
        "pk": 47,
        "model": "auth.permission",
        "fields": {
            "codename": "delete_plannerblock",
            "name": "Can delete planner block",
            "content_type": [
                "ricotta",
                "plannerblock"
            ]
        }
    },
    {
        "pk": 32,
        "model": "auth.permission",
        "fields": {
            "codename": "add_shift",
            "name": "Can add shift",
            "content_type": [
                "ricotta",
                "shift"
            ]
        }
    },
    {
        "pk": 40,
        "model": "auth.permission",
        "fields": {
            "codename": "change_shift",
            "name": "Can change shift",
            "content_type": [
                "ricotta",
                "shift"
            ]
        }
    },
    {
        "pk": 48,
        "model": "auth.permission",
        "fields": {
            "codename": "delete_shift",
            "name": "Can delete shift",
            "content_type": [
                "ricotta",
                "shift"
            ]
        }
    },
    {
        "pk": 33,
        "model": "auth.permission",
        "fields": {
            "codename": "add_timeclockaction",
            "name": "Can add timeclock action",
            "content_type": [
                "ricotta",
                "timeclockaction"
            ]
        }
    },
    {
        "pk": 41,
        "model": "auth.permission",
        "fields": {
            "codename": "change_timeclockaction",
            "name": "Can change timeclock action",
            "content_type": [
                "ricotta",
                "timeclockaction"
            ]
        }
    },
    {
        "pk": 49,
        "model": "auth.permission",
        "fields": {
            "codename": "delete_timeclockaction",
            "name": "Can delete timeclock action",
            "content_type": [
                "ricotta",
                "timeclockaction"
            ]
        }
    },
    {
        "pk": 34,
        "model": "auth.permission",
        "fields": {
            "codename": "add_timeclockrecord",
            "name": "Can add timeclock record",
            "content_type": [
                "ricotta",
                "timeclockrecord"
            ]
        }
    },
    {
        "pk": 42,
        "model": "auth.permission",
        "fields": {
            "codename": "change_timeclockrecord",
            "name": "Can change timeclock record",
            "content_type": [
                "ricotta",
                "timeclockrecord"
            ]
        }
    },
    {
        "pk": 50,
        "model": "auth.permission",
        "fields": {
            "codename": "delete_timeclockrecord",
            "name": "Can delete timeclock record",
            "content_type": [
                "ricotta",
                "timeclockrecord"
            ]
        }
    },
    {
        "pk": 35,
        "model": "auth.permission",
        "fields": {
            "codename": "add_userprofile",
            "name": "Can add user profile",
            "content_type": [
                "ricotta",
                "userprofile"
            ]
        }
    },
    {
        "pk": 43,
        "model": "auth.permission",
        "fields": {
            "codename": "change_userprofile",
            "name": "Can change user profile",
            "content_type": [
                "ricotta",
                "userprofile"
            ]
        }
    },
    {
        "pk": 51,
        "model": "auth.permission",
        "fields": {
            "codename": "delete_userprofile",
            "name": "Can delete user profile",
            "content_type": [
                "ricotta",
                "userprofile"
            ]
        }
    },
    {
        "pk": 13,
        "model": "auth.permission",
        "fields": {
            "codename": "add_session",
            "name": "Can add session",
            "content_type": [
                "sessions",
                "session"
            ]
        }
    },
    {
        "pk": 14,
        "model": "auth.permission",
        "fields": {
            "codename": "change_session",
            "name": "Can change session",
            "content_type": [
                "sessions",
                "session"
            ]
        }
    },
    {
        "pk": 15,
        "model": "auth.permission",
        "fields": {
            "codename": "delete_session",
            "name": "Can delete session",
            "content_type": [
                "sessions",
                "session"
            ]
        }
    },
    {
        "pk": 16,
        "model": "auth.permission",
        "fields": {
            "codename": "add_site",
            "name": "Can add site",
            "content_type": [
                "sites",
                "site"
            ]
        }
    },
    {
        "pk": 17,
        "model": "auth.permission",
        "fields": {
            "codename": "change_site",
            "name": "Can change site",
            "content_type": [
                "sites",
                "site"
            ]
        }
    },
    {
        "pk": 18,
        "model": "auth.permission",
        "fields": {
            "codename": "delete_site",
            "name": "Can delete site",
            "content_type": [
                "sites",
                "site"
            ]
        }
    },
    {
        "pk": 111,
        "model": "auth.permission",
        "fields": {
            "codename": "add_snippet",
            "name": "Can add Snippet",
            "content_type": [
                "snippet",
                "snippet"
            ]
        }
    },
    {
        "pk": 113,
        "model": "auth.permission",
        "fields": {
            "codename": "change_snippet",
            "name": "Can change Snippet",
            "content_type": [
                "snippet",
                "snippet"
            ]
        }
    },
    {
        "pk": 115,
        "model": "auth.permission",
        "fields": {
            "codename": "delete_snippet",
            "name": "Can delete Snippet",
            "content_type": [
                "snippet",
                "snippet"
            ]
        }
    },
    {
        "pk": 112,
        "model": "auth.permission",
        "fields": {
            "codename": "add_snippetptr",
            "name": "Can add Snippet",
            "content_type": [
                "snippet",
                "snippetptr"
            ]
        }
    },
    {
        "pk": 114,
        "model": "auth.permission",
        "fields": {
            "codename": "change_snippetptr",
            "name": "Can change Snippet",
            "content_type": [
                "snippet",
                "snippetptr"
            ]
        }
    },
    {
        "pk": 116,
        "model": "auth.permission",
        "fields": {
            "codename": "delete_snippetptr",
            "name": "Can delete Snippet",
            "content_type": [
                "snippet",
                "snippetptr"
            ]
        }
    },
    {
        "pk": 87,
        "model": "auth.permission",
        "fields": {
            "codename": "add_migrationhistory",
            "name": "Can add migration history",
            "content_type": [
                "south",
                "migrationhistory"
            ]
        }
    },
    {
        "pk": 88,
        "model": "auth.permission",
        "fields": {
            "codename": "change_migrationhistory",
            "name": "Can change migration history",
            "content_type": [
                "south",
                "migrationhistory"
            ]
        }
    },
    {
        "pk": 89,
        "model": "auth.permission",
        "fields": {
            "codename": "delete_migrationhistory",
            "name": "Can delete migration history",
            "content_type": [
                "south",
                "migrationhistory"
            ]
        }
    },
    {
        "pk": 22,
        "model": "auth.permission",
        "fields": {
            "codename": "add_apiaccess",
            "name": "Can add api access",
            "content_type": [
                "tastypie",
                "apiaccess"
            ]
        }
    },
    {
        "pk": 24,
        "model": "auth.permission",
        "fields": {
            "codename": "change_apiaccess",
            "name": "Can change api access",
            "content_type": [
                "tastypie",
                "apiaccess"
            ]
        }
    },
    {
        "pk": 26,
        "model": "auth.permission",
        "fields": {
            "codename": "delete_apiaccess",
            "name": "Can delete api access",
            "content_type": [
                "tastypie",
                "apiaccess"
            ]
        }
    },
    {
        "pk": 23,
        "model": "auth.permission",
        "fields": {
            "codename": "add_apikey",
            "name": "Can add api key",
            "content_type": [
                "tastypie",
                "apikey"
            ]
        }
    },
    {
        "pk": 25,
        "model": "auth.permission",
        "fields": {
            "codename": "change_apikey",
            "name": "Can change api key",
            "content_type": [
                "tastypie",
                "apikey"
            ]
        }
    },
    {
        "pk": 27,
        "model": "auth.permission",
        "fields": {
            "codename": "delete_apikey",
            "name": "Can delete api key",
            "content_type": [
                "tastypie",
                "apikey"
            ]
        }
    },
    {
        "pk": 117,
        "model": "auth.permission",
        "fields": {
            "codename": "add_teaser",
            "name": "Can add teaser",
            "content_type": [
                "teaser",
                "teaser"
            ]
        }
    },
    {
        "pk": 118,
        "model": "auth.permission",
        "fields": {
            "codename": "change_teaser",
            "name": "Can change teaser",
            "content_type": [
                "teaser",
                "teaser"
            ]
        }
    },
    {
        "pk": 119,
        "model": "auth.permission",
        "fields": {
            "codename": "delete_teaser",
            "name": "Can delete teaser",
            "content_type": [
                "teaser",
                "teaser"
            ]
        }
    },
    {
        "pk": 120,
        "model": "auth.permission",
        "fields": {
            "codename": "add_text",
            "name": "Can add text",
            "content_type": [
                "text",
                "text"
            ]
        }
    },
    {
        "pk": 121,
        "model": "auth.permission",
        "fields": {
            "codename": "change_text",
            "name": "Can change text",
            "content_type": [
                "text",
                "text"
            ]
        }
    },
    {
        "pk": 122,
        "model": "auth.permission",
        "fields": {
            "codename": "delete_text",
            "name": "Can delete text",
            "content_type": [
                "text",
                "text"
            ]
        }
    },
    {
        "pk": 126,
        "model": "auth.permission",
        "fields": {
            "codename": "add_twitterrecententries",
            "name": "Can add twitter recent entries",
            "content_type": [
                "twitter",
                "twitterrecententries"
            ]
        }
    },
    {
        "pk": 128,
        "model": "auth.permission",
        "fields": {
            "codename": "change_twitterrecententries",
            "name": "Can change twitter recent entries",
            "content_type": [
                "twitter",
                "twitterrecententries"
            ]
        }
    },
    {
        "pk": 130,
        "model": "auth.permission",
        "fields": {
            "codename": "delete_twitterrecententries",
            "name": "Can delete twitter recent entries",
            "content_type": [
                "twitter",
                "twitterrecententries"
            ]
        }
    },
    {
        "pk": 127,
        "model": "auth.permission",
        "fields": {
            "codename": "add_twittersearch",
            "name": "Can add twitter search",
            "content_type": [
                "twitter",
                "twittersearch"
            ]
        }
    },
    {
        "pk": 129,
        "model": "auth.permission",
        "fields": {
            "codename": "change_twittersearch",
            "name": "Can change twitter search",
            "content_type": [
                "twitter",
                "twittersearch"
            ]
        }
    },
    {
        "pk": 131,
        "model": "auth.permission",
        "fields": {
            "codename": "delete_twittersearch",
            "name": "Can delete twitter search",
            "content_type": [
                "twitter",
                "twittersearch"
            ]
        }
    },
    {
        "pk": 123,
        "model": "auth.permission",
        "fields": {
            "codename": "add_video",
            "name": "Can add video",
            "content_type": [
                "video",
                "video"
            ]
        }
    },
    {
        "pk": 124,
        "model": "auth.permission",
        "fields": {
            "codename": "change_video",
            "name": "Can change video",
            "content_type": [
                "video",
                "video"
            ]
        }
    },
    {
        "pk": 125,
        "model": "auth.permission",
        "fields": {
            "codename": "delete_video",
            "name": "Can delete video",
            "content_type": [
                "video",
                "video"
            ]
        }
    },
    {
        "pk": 1,
        "model": "auth.group",
        "fields": {
            "name": "Consultant",
            "permissions": [
                [
                    "add_plannerblock",
                    "ricotta",
                    "plannerblock"
                ],
                [
                    "change_plannerblock",
                    "ricotta",
                    "plannerblock"
                ],
                [
                    "delete_plannerblock",
                    "ricotta",
                    "plannerblock"
                ],
                [
                    "change_shift",
                    "ricotta",
                    "shift"
                ],
                [
                    "add_timeclockaction",
                    "ricotta",
                    "timeclockaction"
                ],
                [
                    "add_timeclockrecord",
                    "ricotta",
                    "timeclockrecord"
                ]
            ]
        }
    },
    {
        "pk": 2,
        "model": "auth.group",
        "fields": {
            "name": "Conleader",
            "permissions": [
                [
                    "add_user",
                    "auth",
                    "user"
                ],
                [
                    "change_user",
                    "auth",
                    "user"
                ],
                [
                    "delete_user",
                    "auth",
                    "user"
                ],
                [
                    "add_page",
                    "cms",
                    "page"
                ],
                [
                    "change_page",
                    "cms",
                    "page"
                ],
                [
                    "delete_page",
                    "cms",
                    "page"
                ],
                [
                    "view_page",
                    "cms",
                    "page"
                ],
                [
                    "add_placeholder",
                    "cms",
                    "placeholder"
                ],
                [
                    "change_placeholder",
                    "cms",
                    "placeholder"
                ],
                [
                    "delete_placeholder",
                    "cms",
                    "placeholder"
                ],
                [
                    "add_title",
                    "cms",
                    "title"
                ],
                [
                    "change_title",
                    "cms",
                    "title"
                ],
                [
                    "delete_title",
                    "cms",
                    "title"
                ],
                [
                    "add_file",
                    "file",
                    "file"
                ],
                [
                    "change_file",
                    "file",
                    "file"
                ],
                [
                    "delete_file",
                    "file",
                    "file"
                ],
                [
                    "add_flash",
                    "flash",
                    "flash"
                ],
                [
                    "change_flash",
                    "flash",
                    "flash"
                ],
                [
                    "delete_flash",
                    "flash",
                    "flash"
                ],
                [
                    "add_googlemap",
                    "googlemap",
                    "googlemap"
                ],
                [
                    "change_googlemap",
                    "googlemap",
                    "googlemap"
                ],
                [
                    "delete_googlemap",
                    "googlemap",
                    "googlemap"
                ],
                [
                    "add_link",
                    "link",
                    "link"
                ],
                [
                    "change_link",
                    "link",
                    "link"
                ],
                [
                    "delete_link",
                    "link",
                    "link"
                ],
                [
                    "add_picture",
                    "picture",
                    "picture"
                ],
                [
                    "change_picture",
                    "picture",
                    "picture"
                ],
                [
                    "delete_picture",
                    "picture",
                    "picture"
                ],
                [
                    "add_revision",
                    "reversion",
                    "revision"
                ],
                [
                    "change_revision",
                    "reversion",
                    "revision"
                ],
                [
                    "delete_revision",
                    "reversion",
                    "revision"
                ],
                [
                    "add_version",
                    "reversion",
                    "version"
                ],
                [
                    "change_version",
                    "reversion",
                    "version"
                ],
                [
                    "delete_version",
                    "reversion",
                    "version"
                ],
                [
                    "add_disciplinerecord",
                    "ricotta",
                    "disciplinerecord"
                ],
                [
                    "change_disciplinerecord",
                    "ricotta",
                    "disciplinerecord"
                ],
                [
                    "delete_disciplinerecord",
                    "ricotta",
                    "disciplinerecord"
                ],
                [
                    "view_dr",
                    "ricotta",
                    "disciplinerecord"
                ],
                [
                    "add_listserv",
                    "ricotta",
                    "listserv"
                ],
                [
                    "change_listserv",
                    "ricotta",
                    "listserv"
                ],
                [
                    "delete_listserv",
                    "ricotta",
                    "listserv"
                ],
                [
                    "add_location",
                    "ricotta",
                    "location"
                ],
                [
                    "change_location",
                    "ricotta",
                    "location"
                ],
                [
                    "delete_location",
                    "ricotta",
                    "location"
                ],
                [
                    "add_plannerblock",
                    "ricotta",
                    "plannerblock"
                ],
                [
                    "change_plannerblock",
                    "ricotta",
                    "plannerblock"
                ],
                [
                    "delete_plannerblock",
                    "ricotta",
                    "plannerblock"
                ],
                [
                    "add_shift",
                    "ricotta",
                    "shift"
                ],
                [
                    "change_shift",
                    "ricotta",
                    "shift"
                ],
                [
                    "delete_shift",
                    "ricotta",
                    "shift"
                ],
                [
                    "add_timeclockaction",
                    "ricotta",
                    "timeclockaction"
                ],
                [
                    "change_timeclockaction",
                    "ricotta",
                    "timeclockaction"
                ],
                [
                    "delete_timeclockaction",
                    "ricotta",
                    "timeclockaction"
                ],
                [
                    "add_timeclockrecord",
                    "ricotta",
                    "timeclockrecord"
                ],
                [
                    "change_timeclockrecord",
                    "ricotta",
                    "timeclockrecord"
                ],
                [
                    "delete_timeclockrecord",
                    "ricotta",
                    "timeclockrecord"
                ],
                [
                    "add_userprofile",
                    "ricotta",
                    "userprofile"
                ],
                [
                    "change_userprofile",
                    "ricotta",
                    "userprofile"
                ],
                [
                    "delete_userprofile",
                    "ricotta",
                    "userprofile"
                ]
            ]
        }
    },
    {
        "pk": 1,
        "model": "auth.user",
        "fields": {
            "username": "jms511",
            "first_name": "John",
            "last_name": "Shawger",
            "is_active": true,
            "is_superuser": true,
            "is_staff": true,
            "last_login": "2012-08-08T00:44:22Z",
            "groups": [],
            "user_permissions": [],
            "password": "pbkdf2_sha256$10000$kBOM0KQWmcmC$BB/Z3BaT99PZ3gqRPWBhhq2s79kbIk+3TOLv7RlhejI=",
            "email": "shawgerj@gmail.com",
            "date_joined": "2012-08-08T00:42:37Z"
        }
    },
    {
        "pk": 2,
        "model": "auth.user",
        "fields": {
            "username": "testcon",
            "first_name": "Test",
            "last_name": "Con",
            "is_active": true,
            "is_superuser": false,
            "is_staff": false,
            "last_login": "2012-08-08T00:45:12Z",
            "groups": [
                [
                    "Consultant"
                ]
            ],
            "user_permissions": [],
            "password": "pbkdf2_sha256$10000$tg3JJIIEQbsI$vCPZRDGS0wvek5XISFYeANtdIZCYphyOCnvF6Fou670=",
            "email": "testcon@test.org",
            "date_joined": "2012-08-08T00:45:12Z"
        }
    },
    {
        "pk": 3,
        "model": "auth.user",
        "fields": {
            "username": "testcl",
            "first_name": "Test",
            "last_name": "Cl",
            "is_active": true,
            "is_superuser": false,
            "is_staff": true,
            "last_login": "2012-08-08T00:45:56Z",
            "groups": [
                [
                    "Conleader"
                ]
            ],
            "user_permissions": [],
            "password": "pbkdf2_sha256$10000$LcTrCpX3mMaM$IR5oIcURVS8UacNo/pbt6Z91wA/c/q0Pe0+aFZRCzIE=",
            "email": "testcl@test.org",
            "date_joined": "2012-08-08T00:45:56Z"
        }
    },
    {
        "pk": 22,
        "model": "admin.logentry",
        "fields": {
            "action_flag": 1,
            "action_time": "2012-08-08T01:07:45.246Z",
            "object_repr": "Tech 2012-08-07 19:00:00 testcl",
            "object_id": "2",
            "change_message": "",
            "user": [
                "jms511"
            ],
            "content_type": [
                "ricotta",
                "shift"
            ]
        }
    },
    {
        "pk": 21,
        "model": "admin.logentry",
        "fields": {
            "action_flag": 1,
            "action_time": "2012-08-08T01:07:25.411Z",
            "object_repr": "Tech 2012-08-07 16:00:00 testcon",
            "object_id": "1",
            "change_message": "",
            "user": [
                "jms511"
            ],
            "content_type": [
                "ricotta",
                "shift"
            ]
        }
    },
    {
        "pk": 20,
        "model": "admin.logentry",
        "fields": {
            "action_flag": 2,
            "action_time": "2012-08-08T01:06:37.236Z",
            "object_repr": "testcon 2012-08-07 18:00:00 Unavailable",
            "object_id": "1",
            "change_message": "Changed block_type.",
            "user": [
                "jms511"
            ],
            "content_type": [
                "ricotta",
                "plannerblock"
            ]
        }
    },
    {
        "pk": 19,
        "model": "admin.logentry",
        "fields": {
            "action_flag": 1,
            "action_time": "2012-08-08T01:06:29.848Z",
            "object_repr": "testcl 2012-08-07 15:00:00 Preferred",
            "object_id": "2",
            "change_message": "",
            "user": [
                "jms511"
            ],
            "content_type": [
                "ricotta",
                "plannerblock"
            ]
        }
    },
    {
        "pk": 18,
        "model": "admin.logentry",
        "fields": {
            "action_flag": 1,
            "action_time": "2012-08-08T01:05:59.559Z",
            "object_repr": "testcon 2012-08-07 18:00:00 Preferred",
            "object_id": "1",
            "change_message": "",
            "user": [
                "jms511"
            ],
            "content_type": [
                "ricotta",
                "plannerblock"
            ]
        }
    },
    {
        "pk": 17,
        "model": "admin.logentry",
        "fields": {
            "action_flag": 1,
            "action_time": "2012-08-08T01:03:08.823Z",
            "object_repr": "testcon 2012-08-07 19:00:00 127.0.0.1",
            "object_id": "2",
            "change_message": "",
            "user": [
                "jms511"
            ],
            "content_type": [
                "ricotta",
                "timeclockrecord"
            ]
        }
    },
    {
        "pk": 16,
        "model": "admin.logentry",
        "fields": {
            "action_flag": 1,
            "action_time": "2012-08-08T01:02:14.112Z",
            "object_repr": "testcl 2012-08-07 20:00:00 127.0.0.1",
            "object_id": "1",
            "change_message": "",
            "user": [
                "jms511"
            ],
            "content_type": [
                "ricotta",
                "timeclockrecord"
            ]
        }
    },
    {
        "pk": 15,
        "model": "admin.logentry",
        "fields": {
            "action_flag": 2,
            "action_time": "2012-08-08T00:51:52.310Z",
            "object_repr": "testcon",
            "object_id": "2",
            "change_message": "Changed password and groups.",
            "user": [
                "jms511"
            ],
            "content_type": [
                "auth",
                "user"
            ]
        }
    },
    {
        "pk": 14,
        "model": "admin.logentry",
        "fields": {
            "action_flag": 2,
            "action_time": "2012-08-08T00:51:43.509Z",
            "object_repr": "testcl",
            "object_id": "3",
            "change_message": "Changed password and groups.",
            "user": [
                "jms511"
            ],
            "content_type": [
                "auth",
                "user"
            ]
        }
    },
    {
        "pk": 13,
        "model": "admin.logentry",
        "fields": {
            "action_flag": 1,
            "action_time": "2012-08-08T00:51:26.152Z",
            "object_repr": "Conleader",
            "object_id": "2",
            "change_message": "",
            "user": [
                "jms511"
            ],
            "content_type": [
                "auth",
                "group"
            ]
        }
    },
    {
        "pk": 12,
        "model": "admin.logentry",
        "fields": {
            "action_flag": 2,
            "action_time": "2012-08-08T00:49:08.658Z",
            "object_repr": "Consultant",
            "object_id": "1",
            "change_message": "Changed name.",
            "user": [
                "jms511"
            ],
            "content_type": [
                "auth",
                "group"
            ]
        }
    },
    {
        "pk": 11,
        "model": "admin.logentry",
        "fields": {
            "action_flag": 1,
            "action_time": "2012-08-08T00:49:00.370Z",
            "object_repr": "consultant",
            "object_id": "1",
            "change_message": "",
            "user": [
                "jms511"
            ],
            "content_type": [
                "auth",
                "group"
            ]
        }
    },
    {
        "pk": 10,
        "model": "admin.logentry",
        "fields": {
            "action_flag": 2,
            "action_time": "2012-08-08T00:47:45.716Z",
            "object_repr": "First Page",
            "object_id": "1",
            "change_message": "Changed moderator_state.",
            "user": [
                "jms511"
            ],
            "content_type": [
                "cms",
                "page"
            ]
        }
    },
    {
        "pk": 9,
        "model": "admin.logentry",
        "fields": {
            "action_flag": 2,
            "action_time": "2012-08-08T00:47:15.286Z",
            "object_repr": "Ricotta Apps",
            "object_id": "2",
            "change_message": "Changed application_urls and moderator_state.",
            "user": [
                "jms511"
            ],
            "content_type": [
                "cms",
                "page"
            ]
        }
    },
    {
        "pk": 8,
        "model": "admin.logentry",
        "fields": {
            "action_flag": 1,
            "action_time": "2012-08-08T00:47:04.624Z",
            "object_repr": "Ricotta Apps",
            "object_id": "2",
            "change_message": "",
            "user": [
                "jms511"
            ],
            "content_type": [
                "cms",
                "page"
            ]
        }
    },
    {
        "pk": 7,
        "model": "admin.logentry",
        "fields": {
            "action_flag": 1,
            "action_time": "2012-08-08T00:46:55.936Z",
            "object_repr": "First Page",
            "object_id": "1",
            "change_message": "",
            "user": [
                "jms511"
            ],
            "content_type": [
                "cms",
                "page"
            ]
        }
    },
    {
        "pk": 6,
        "model": "admin.logentry",
        "fields": {
            "action_flag": 2,
            "action_time": "2012-08-08T00:46:20.151Z",
            "object_repr": "testcl",
            "object_id": "3",
            "change_message": "Changed password, first_name, last_name, email and is_staff. Added user profile \"testcl\".",
            "user": [
                "jms511"
            ],
            "content_type": [
                "auth",
                "user"
            ]
        }
    },
    {
        "pk": 5,
        "model": "admin.logentry",
        "fields": {
            "action_flag": 1,
            "action_time": "2012-08-08T00:45:56.918Z",
            "object_repr": "testcl",
            "object_id": "3",
            "change_message": "",
            "user": [
                "jms511"
            ],
            "content_type": [
                "auth",
                "user"
            ]
        }
    },
    {
        "pk": 4,
        "model": "admin.logentry",
        "fields": {
            "action_flag": 2,
            "action_time": "2012-08-08T00:45:41.310Z",
            "object_repr": "testcon",
            "object_id": "2",
            "change_message": "Changed password. Added user profile \"testcon\".",
            "user": [
                "jms511"
            ],
            "content_type": [
                "auth",
                "user"
            ]
        }
    },
    {
        "pk": 3,
        "model": "admin.logentry",
        "fields": {
            "action_flag": 2,
            "action_time": "2012-08-08T00:45:19.790Z",
            "object_repr": "testcon",
            "object_id": "2",
            "change_message": "Changed password, first_name, last_name and email.",
            "user": [
                "jms511"
            ],
            "content_type": [
                "auth",
                "user"
            ]
        }
    },
    {
        "pk": 2,
        "model": "admin.logentry",
        "fields": {
            "action_flag": 1,
            "action_time": "2012-08-08T00:45:13.118Z",
            "object_repr": "testcon",
            "object_id": "2",
            "change_message": "",
            "user": [
                "jms511"
            ],
            "content_type": [
                "auth",
                "user"
            ]
        }
    },
    {
        "pk": 1,
        "model": "admin.logentry",
        "fields": {
            "action_flag": 2,
            "action_time": "2012-08-08T00:44:50.905Z",
            "object_repr": "jms511",
            "object_id": "1",
            "change_message": "Changed password, first_name and last_name. Added user profile \"jms511\".",
            "user": [
                "jms511"
            ],
            "content_type": [
                "auth",
                "user"
            ]
        }
    },
    {
        "pk": 1,
        "model": "tastypie.apikey",
        "fields": {
            "user": [
                "jms511"
            ],
            "key": "1ee7b199fce22f7c8641976300063cf11e80250a",
            "created": "2012-08-08T00:42:38.043Z"
        }
    },
    {
        "pk": 2,
        "model": "tastypie.apikey",
        "fields": {
            "user": [
                "testcon"
            ],
            "key": "aafb2e04722caed436e0b26e75858455f7ba543c",
            "created": "2012-08-08T00:45:13.118Z"
        }
    },
    {
        "pk": 3,
        "model": "tastypie.apikey",
        "fields": {
            "user": [
                "testcl"
            ],
            "key": "06b538f0338298f9bf25fe27efbc5687b2ca8445",
            "created": "2012-08-08T00:45:56.918Z"
        }
    },
    {
        "pk": 1,
        "model": "ricotta.userprofile",
        "fields": {
            "phone_number": "414-364-4874",
            "user": [
                "jms511"
            ],
            "lab": "IC-Main",
            "listservs": []
        }
    },
    {
        "pk": 2,
        "model": "ricotta.userprofile",
        "fields": {
            "phone_number": "123-456-7890",
            "user": [
                "testcon"
            ],
            "lab": "Tech",
            "listservs": []
        }
    },
    {
        "pk": 3,
        "model": "ricotta.userprofile",
        "fields": {
            "phone_number": "098-765-4321",
            "user": [
                "testcl"
            ],
            "lab": "Tech",
            "listservs": []
        }
    },
    {
        "pk": 1,
        "model": "ricotta.shift",
        "fields": {
            "location_name": "Tech",
            "start_time": "2012-08-07T21:00:00Z",
            "worker": [
                "testcon"
            ],
            "for_trade": false,
            "end_time": "2012-08-07T23:00:00Z",
            "been_traded": false
        }
    },
    {
        "pk": 2,
        "model": "ricotta.shift",
        "fields": {
            "location_name": "Tech",
            "start_time": "2012-08-08T00:00:00Z",
            "worker": [
                "testcl"
            ],
            "for_trade": false,
            "end_time": "2012-08-08T02:00:00Z",
            "been_traded": false
        }
    },
    {
        "pk": 1,
        "model": "ricotta.plannerblock",
        "fields": {
            "block_type": "un",
            "start_time": "2012-08-07T23:00:00Z",
            "worker": [
                "testcon"
            ],
            "end_time": "2012-08-08T01:00:00Z"
        }
    },
    {
        "pk": 2,
        "model": "ricotta.plannerblock",
        "fields": {
            "block_type": "pf",
            "start_time": "2012-08-07T20:00:00Z",
            "worker": [
                "testcl"
            ],
            "end_time": "2012-08-07T22:00:00Z"
        }
    },
    {
        "pk": 1,
        "model": "ricotta.timeclockrecord",
        "fields": {
            "employee": [
                "testcl"
            ],
            "start_time": "2012-08-08T01:00:00Z",
            "outIP": "127.0.0.1",
            "end_time": "2012-08-08T03:00:00Z",
            "inIP": "127.0.0.1"
        }
    },
    {
        "pk": 2,
        "model": "ricotta.timeclockrecord",
        "fields": {
            "employee": [
                "testcon"
            ],
            "start_time": "2012-08-08T00:00:00Z",
            "outIP": "127.0.0.1",
            "end_time": "2012-08-08T02:00:00Z",
            "inIP": "127.0.0.1"
        }
    },
    {
        "pk": 1,
        "model": "reversion.revision",
        "fields": {
            "comment": "Initial version.",
            "date_created": "2012-08-08T00:46:55.956Z",
            "manager_slug": "default",
            "user": [
                "jms511"
            ]
        }
    },
    {
        "pk": 2,
        "model": "reversion.revision",
        "fields": {
            "comment": "",
            "date_created": "2012-08-08T00:46:56.072Z",
            "manager_slug": "default",
            "user": null
        }
    },
    {
        "pk": 3,
        "model": "reversion.revision",
        "fields": {
            "comment": "Initial version.",
            "date_created": "2012-08-08T00:47:04.641Z",
            "manager_slug": "default",
            "user": [
                "jms511"
            ]
        }
    },
    {
        "pk": 4,
        "model": "reversion.revision",
        "fields": {
            "comment": "",
            "date_created": "2012-08-08T00:47:04.705Z",
            "manager_slug": "default",
            "user": null
        }
    },
    {
        "pk": 5,
        "model": "reversion.revision",
        "fields": {
            "comment": "Changed application_urls and moderator_state.",
            "date_created": "2012-08-08T00:47:15.306Z",
            "manager_slug": "default",
            "user": [
                "jms511"
            ]
        }
    },
    {
        "pk": 6,
        "model": "reversion.revision",
        "fields": {
            "comment": "",
            "date_created": "2012-08-08T00:47:15.415Z",
            "manager_slug": "default",
            "user": null
        }
    },
    {
        "pk": 7,
        "model": "reversion.revision",
        "fields": {
            "comment": "Text plugin added to template_1_content",
            "date_created": "2012-08-08T00:47:33.133Z",
            "manager_slug": "default",
            "user": [
                "jms511"
            ]
        }
    },
    {
        "pk": 8,
        "model": "reversion.revision",
        "fields": {
            "comment": "Text plugin edited at position 0 in template_1_content",
            "date_created": "2012-08-08T00:47:42.946Z",
            "manager_slug": "default",
            "user": [
                "jms511"
            ]
        }
    },
    {
        "pk": 9,
        "model": "reversion.revision",
        "fields": {
            "comment": "Changed moderator_state.",
            "date_created": "2012-08-08T00:47:45.732Z",
            "manager_slug": "default",
            "user": [
                "jms511"
            ]
        }
    },
    {
        "pk": 10,
        "model": "reversion.revision",
        "fields": {
            "comment": "",
            "date_created": "2012-08-08T00:47:45.796Z",
            "manager_slug": "default",
            "user": null
        }
    }
]